,Longitude,Latitude,case
0,-103.002565,36.526588,yes
1,-103.002188,36.602716,no
2,-103.002252,36.61718,no
3,-103.002518,36.675186,no
4,-103.00219799999999,36.719426999999996,no
5,-103.002143744581,36.7635143968073,no
6,-103.001964,36.909573,no
7,-103.002247,36.911587,no
8,-103.002199,37.000104,yes
9,-102.986976,36.998523999999996,no
10,-102.985807,36.998571,no
11,-102.979613,36.998549,no
12,-102.88668699586201,36.9995115946768,no
13,-102.877863,36.999603,no
14,-102.84193309628802,36.9996791058814,no
15,-102.832541,36.999699,no
16,-102.812469,36.999725,no
17,-102.74206,36.997689,no
18,-102.698142,36.995149,yes
19,-102.355367,36.994575,no
20,-102.355288,36.994506,no
21,-102.353329983074,36.994503555042904,no
22,-102.325156624789,36.9944683752392,no
23,-102.27025005042,36.9943998139234,no
24,-102.260789,36.994388,no
25,-102.252197617289,36.9942802659306,no
26,-102.208316,36.99373,no
27,-102.184271,36.993593,no
28,-102.13645093419301,36.9934146439195,no
29,-102.054503,36.993109,no
30,-102.042089,36.993016,yes
31,-102.028207,36.993125,no
32,-102.000447,36.993272,no
33,-102.000447,36.993249,no
34,-101.93521630272801,36.993550504034005,no
35,-101.90805120612801,36.9936760643385,no
36,-101.90244,36.993702,no
37,-101.89897520982501,36.9937180428813,no
38,-101.88086906271,36.9938018790603,no
39,-101.862678891166,36.9938861042942,no
40,-101.82655213288601,36.9940533805984,no
41,-101.71825534142101,36.9945548229612,no
42,-101.70368419581901,36.9946222911621,no
43,-101.63250517071101,36.994951868595,no
44,-101.601593,36.995095,no
45,-101.600396,36.995152999999995,no
46,-101.595196508927,36.995183052199394,no
47,-101.555260303913,36.9954138768669,no
48,-101.555239,36.995414,no
49,-101.519066,36.995546,no
50,-101.485326,36.995611,no
51,-101.415005,36.995965999999996,no
52,-101.413868,36.996007999999996,no
53,-101.39704079598,36.996081555363894,no
54,-101.37818,36.996164,no
55,-101.36112769039401,36.996226658438005,no
56,-101.359674,36.996232,no
57,-101.357797,36.996271,no
58,-101.283207834316,36.9966689447923,yes
59,-101.214917193591,36.997033285975,no
60,-101.212909,36.997043999999995,no
61,-101.211486,36.997124,no
62,-101.090050193514,36.99779265872,no
63,-101.066742,36.997921,no
64,-101.066451000186,36.9979220177139,no
65,-101.053589,36.997966999999996,no
66,-101.017729108601,36.998150030118694,no
67,-101.012641,36.998176,no
68,-100.996502,36.998044,no
69,-100.958226495697,36.9981251558517,no
70,-100.945566,36.998152,no
71,-100.945468897552,36.998152969176196,no
72,-100.904588,36.998560999999995,no
73,-100.904274,36.998745,no
74,-100.904215897903,36.998744350531496,no
75,-100.89166,36.998604,no
76,-100.86823987072201,36.998618301972,no
77,-100.855634,36.998626,no
78,-100.849999795024,36.9986885311334,no
79,-100.814277,36.999085,no
80,-100.806116,36.999091,no
81,-100.765484,36.999176999999996,no
82,-100.759527314039,36.99930181996189,no
83,-100.756894,36.999356999999996,no
84,-100.734517,36.999058999999995,yes
85,-100.729364903664,36.9991139591893,no
86,-100.675552,36.999688,no
87,-100.67532023955101,36.999689361198094,no
88,-100.633327,36.999936,no
89,-100.62977,37.000025,no
90,-100.591413,37.000399,no
91,-100.591328,37.000375999999996,no
92,-100.552683,37.000735,no
93,-100.552218029947,37.000685717459795,no
94,-100.551598,37.00062,no
95,-100.434274261089,37.0011098519743,no
96,-100.26998661499701,37.0017957884142,no
97,-100.21607499950301,37.002020881064105,no
98,-100.201676,37.002081,no
99,-100.193754,37.002133,no
100,-100.192371,37.002036,no
101,-100.187547,37.002082,no
102,-100.124494240073,37.0021908554435,no
103,-100.115722,37.002206,yes
104,-100.089483739431,37.0020915224233,no
105,-100.005706,37.001726,no
106,-100.002563,37.001706,no
107,-100.001286,37.001698999999995,no
108,-99.995201,37.001630999999996,no
109,-99.9048971396057,37.0016521074871,no
110,-99.87540899999999,37.001659,no
111,-99.8286446159415,37.00127815953601,no
112,-99.78601599999999,37.000931,no
113,-99.774816,37.000841,no
114,-99.774255,37.000837,no
115,-99.77417240114589,37.0008365466155,no
116,-99.72258715459529,37.000553395610005,no
117,-99.657658,37.000197,no
118,-99.648652,36.999604,yes
119,-99.625399,36.999671,no
120,-99.55806799999999,36.999528,no
121,-99.54111590157169,36.9995725260596,no
122,-99.508574,36.999658,no
123,-99.504093,36.999648,no
124,-99.502665,36.999645,no
125,-99.500395,36.999637,no
126,-99.500395,36.999576,no
127,-99.48433299999999,36.999626,no
128,-99.456203,36.999471,no
129,-99.407015,36.999579,no
130,-99.3966738001589,36.999774548871294,no
131,-99.375391,37.000177,no
132,-99.277506,36.999579,no
133,-99.24812,36.999565,no
134,-99.21543303782309,36.9995256118126,no
135,-99.129449,36.999421999999996,no
136,-99.124883,36.99942,no
137,-99.049695,36.999221,no
138,-99.029337,36.999595,yes
139,-99.0136679087193,36.999549291388504,no
140,-99.00030291303248,36.999510304099104,no
141,-98.994371,36.999493,no
142,-98.98605030903869,36.9994795454461,no
143,-98.88058,36.999309,no
144,-98.880009,36.999263,no
145,-98.86944899999999,36.999286,no
146,-98.8118320432389,36.9992403846753,no
147,-98.79745199999999,36.999229,no
148,-98.793711,36.999227,no
149,-98.79193599999999,36.999255,no
150,-98.761597,36.999424999999995,no
151,-98.718465,36.999179999999996,no
152,-98.714512,36.99906,no
153,-98.6222650058374,36.9990257418024,no
154,-98.544872,36.998996999999996,no
155,-98.5446600848551,36.9989961823461,no
156,-98.47640378040549,36.998732822067296,no
157,-98.420209,36.998515999999995,no
158,-98.418268,36.998537999999996,no
159,-98.408991,36.998512999999996,no
160,-98.354073,36.997961,yes
161,-98.3471489755077,36.9979618781261,no
162,-98.346188,36.997962,no
163,-98.2917921267673,36.997967014553694,no
164,-98.237712,36.997972,no
165,-98.219499,36.997824,no
166,-98.208218,36.997997,no
167,-98.1903680175914,36.998003994964,no
168,-98.177722572632,36.998008950399296,no
169,-98.177596,36.998008999999996,no
170,-98.147452,36.998162,no
171,-98.1463112238645,36.998161067231294,no
172,-98.12817772200029,36.9981462401652,no
173,-98.11198499999999,36.998132999999996,no
174,-98.04534199999999,36.998326999999996,no
175,-98.03989,36.998349,no
176,-98.0386869029913,36.998352446107695,no
177,-98.03395499999999,36.998366,no
178,-98.0302049855076,36.9983716171626,no
179,-97.96529191888949,36.9984688507196,no
180,-97.87645082320878,36.9986019261725,no
181,-97.8023129924768,36.998712977542695,no
182,-97.802298,36.998712999999995,no
183,-97.78348899999999,36.998847,no
184,-97.78343199999999,36.998961,no
185,-97.768704,36.99875,no
186,-97.697104,36.998826,no
187,-97.69217998394402,36.9988447931485,no
188,-97.650466,36.999004,no
189,-97.637137,36.999089999999995,no
190,-97.6368440053919,36.9990860918726,no
191,-97.6147895742673,36.9987919174284,no
192,-97.606549,36.998681999999995,yes
193,-97.582376688337,36.998698685241195,no
194,-97.56453599999999,36.998711,no
195,-97.546498,36.998747,no
196,-97.5459,36.998709,no
197,-97.52729199999999,36.99875,no
198,-97.472861,36.998720999999996,no
199,-97.4623463219255,36.9986852256487,no
200,-97.46227999999999,36.998685,no
201,-97.4144861297395,36.9987826204706,no
202,-97.400903929478,36.9988103625382,no
203,-97.384925,36.998843,no
204,-97.37242099999999,36.998861,no
205,-97.3648660500938,36.998869405596196,no
206,-97.34275707566078,36.9988940039212,no
207,-97.3427376532895,36.9988940255304,no
208,-97.30079008310649,36.9989406961692,no
209,-97.25577112369089,36.998990784019,no
210,-97.2198833931369,36.999030712513196,no
211,-97.2014651159374,36.999051204588405,no
212,-97.1562390840263,36.999101522825995,no
213,-97.14772099999999,36.999111,no
214,-97.122597,36.999036,no
215,-97.120285,36.999013999999995,no
216,-97.1114071565137,36.99901732731969,no
217,-97.104276,36.99902,no
218,-97.100652,36.998998,no
219,-97.0455423673474,36.998999810791595,no
220,-97.039784,36.999,no
221,-97.030082,36.998929,yes
222,-96.975562,36.999019,no
223,-96.967371,36.999067,no
224,-96.934642,36.999069999999996,no
225,-96.9252940031478,36.999129494597696,no
226,-96.921915,36.999151,no
227,-96.917093,36.999182,no
228,-96.903748155059,36.9991328766659,no
229,-96.90351,36.999131999999996,no
230,-96.90208299999999,36.999155,no
231,-96.87629,36.999233,no
232,-96.86751699999999,36.999217,no
233,-96.8674690282009,36.999216962460004,no
234,-96.82290002184439,36.999182085314196,no
235,-96.822791,36.999182,no
236,-96.795199,36.99886,no
237,-96.79205999999999,36.999179999999996,no
238,-96.749838,36.998988,no
239,-96.74127,36.999238999999996,no
240,-96.73658999999999,36.999286,no
241,-96.7319830041273,36.999283353112496,no
242,-96.7105846709103,36.9992710589882,no
243,-96.710482,36.999271,no
244,-96.70543099999999,36.999203,no
245,-96.6244880080759,36.998982041568595,no
246,-96.6073590074175,36.998935282769295,no
247,-96.5255776738603,36.9987120358304,no
248,-96.500288,36.998643,yes
249,-96.4157735819161,36.9991109977438,no
250,-96.41541199999999,36.999113,no
251,-96.394272,36.999221,no
252,-96.381556989653,36.9992266293831,no
253,-96.3803000623001,36.999227185869096,no
254,-96.3452839777254,36.9992426887236,no
255,-96.2848529997537,36.999269443646895,no
256,-96.279079,36.999272,no
257,-96.27636799999999,36.999271,no
258,-96.2353201686152,36.9991306762741,no
259,-96.21757099999999,36.999069999999996,no
260,-96.20002799999999,36.999027999999996,no
261,-96.18476799999999,36.999210999999995,no
262,-96.1847130166869,36.999210910599096,no
263,-96.154017,36.999161,no
264,-96.152384,36.999051,no
265,-96.149709,36.99904,no
266,-96.147143,36.999022,no
267,-96.14320699999999,36.999134,no
268,-96.14121,36.998973,no
269,-96.0912791627285,36.9989328134999,no
270,-96.03577206347069,36.9988881389827,no
271,-96.00081,36.99886,yes
272,-95.9642699335572,36.9990936072442,no
273,-95.93699199999999,36.999268,no
274,-95.928122,36.999244999999995,no
275,-95.91018,36.999336,no
276,-95.877151,36.999303999999995,no
277,-95.87525699999999,36.999302,no
278,-95.873944,36.999300000000005,no
279,-95.873882523589,36.9992996596764,no
280,-95.86689899999999,36.999261,no
281,-95.8193660360989,36.999150475109,no
282,-95.80798,36.999123999999995,no
283,-95.786762,36.99931,no
284,-95.76871899999999,36.999204999999996,no
285,-95.7599913230711,36.9992703536053,no
286,-95.75990499999999,36.999271,no
287,-95.754790411229,36.999263326838005,no
288,-95.7464701516561,36.9992508443682,no
289,-95.741908,36.999244,no
290,-95.718054,36.999255,no
291,-95.71488699999999,36.999279,no
292,-95.71050654370059,36.9993684169025,no
293,-95.71038,36.999371,no
294,-95.696659,36.999215,no
295,-95.686452,36.999348999999995,no
296,-95.6740419235188,36.9993338732759,no
297,-95.664301,36.999322,no
298,-95.66041999977949,36.99932177318679,no
299,-95.6423696517221,36.999320718289496,no
300,-95.63798400383018,36.9993204619837,no
301,-95.630079,36.99932,no
302,-95.6287496081096,36.9993292818425,no
303,-95.62434999999999,36.999359999999996,no
304,-95.6210117300348,36.9993619832878,no
305,-95.615934,36.999365,no
306,-95.6157410865682,36.99936276273301,no
307,-95.61214,36.999320999999995,no
308,-95.601517061574,36.9993179681822,no
309,-95.5889899910403,36.9993143929195,no
310,-95.57359799999999,36.99931,no
311,-95.534401,36.999331999999995,no
312,-95.5224149880945,36.9992810582678,no
313,-95.511578,36.999235,no
314,-95.40768299999999,36.999241,yes
315,-95.40757195069268,36.9992412018471,no
316,-95.3772578842198,36.9992963017548,no
317,-95.33121,36.999379999999995,no
318,-95.328327,36.999365999999995,no
319,-95.328058,36.999365,no
320,-95.322565,36.999358,no
321,-95.28607980862431,36.999417347425,no
322,-95.26787587305601,36.9994469582523,no
323,-95.195307,36.999565,no
324,-95.177301,36.99952,no
325,-95.1589689477582,36.9995367194603,no
326,-95.155372,36.999539999999996,no
327,-95.155187,36.999539,no
328,-95.1404610155766,36.9995335912053,no
329,-95.1221400136406,36.9995268619752,no
330,-95.073509,36.999508999999996,no
331,-95.049499,36.99958,no
332,-95.037857,36.999497,no
333,-95.0349534669929,36.9995047088358,no
334,-95.030324,36.999517,no
335,-95.011433,36.999535,no
336,-95.00761999999999,36.999514,no
337,-94.99529299999999,36.999528999999995,no
338,-94.9406118246384,36.999276943855804,no
339,-94.9043821552165,36.9991099410305,no
340,-94.8668896445243,36.9989371170629,no
341,-94.853197,36.998874,no
342,-94.849801,36.998875999999996,no
343,-94.8443678174579,36.998849675848,no
344,-94.840926,36.998833,no
345,-94.8315429216352,36.9988125723983,no
346,-94.83127999999999,36.998812,no
347,-94.8089699358697,36.9987921772749,no
348,-94.77725699999999,36.998764,no
349,-94.7770423004622,36.9987635641825,no
350,-94.7496806255393,36.9987080228605,no
351,-94.7449870812319,36.998698495459195,no
352,-94.739324,36.998687,no
353,-94.737183,36.998664999999995,no
354,-94.7361029816463,36.9986707068925,no
355,-94.731507,36.998694992381104,no
356,-94.72241958690691,36.998743010907695,no
357,-94.71276999999999,36.998794,no
358,-94.7112698230604,36.9987967343059,no
359,-94.701797,36.998813999999996,no
360,-94.69973499999999,36.998805,no
361,-94.62522399999999,36.998672,no
362,-94.617964,36.998905,yes
363,-94.618049,36.996207999999996,no
364,-94.61804531321201,36.995899948379105,no
365,-94.61804529210309,36.995898184609004,no
366,-94.618031,36.994704,no
367,-94.618026,36.950158,no
368,-94.61810899999999,36.946563999999995,no
369,-94.618166,36.937584,no
370,-94.61829499999999,36.929646999999996,no
371,-94.618207,36.926235999999996,no
372,-94.6182075266432,36.926132328535495,no
373,-94.61823885664039,36.9199649141566,no
374,-94.618282,36.911471999999996,no
375,-94.6182431417668,36.8970795082361,no
376,-94.61824299999999,36.897027,no
377,-94.6183258141771,36.8936419954538,no
378,-94.618658,36.880064,no
379,-94.6186573555193,36.8799880903727,no
380,-94.61856327060809,36.868906376944494,no
381,-94.6185632491531,36.8689038498881,no
382,-94.6185617374467,36.8687257948018,no
383,-94.61855913110018,36.8684188084398,no
384,-94.61838,36.847319999999996,no
385,-94.6183767694196,36.843746004508894,no
386,-94.61836775918079,36.8337779649651,no
387,-94.6183594243048,36.824557080228196,no
388,-94.6183593608661,36.824486897881,no
389,-94.61835700813779,36.8218840714017,no
390,-94.61831131273719,36.771331187038,no
391,-94.618307,36.76656,no
392,-94.6182804305353,36.756782286869104,no
393,-94.61821611309549,36.7331131056693,no
394,-94.6181714627047,36.716681509595404,no
395,-94.6181494527718,36.7085817299202,no
396,-94.61813,36.701423,no
397,-94.61802499999999,36.66943,no
398,-94.6180195161587,36.6679460725462,no
399,-94.61801942428959,36.6679212127705,no
400,-94.6178624381614,36.6254407664784,no
401,-94.617859864902,36.62474444248,no
402,-94.617859761994,36.6247165955664,no
403,-94.617815,36.612604,no
404,-94.617865,36.606851,no
405,-94.6178649770366,36.6068362058566,no
406,-94.617853,36.59912,no
407,-94.6178509614003,36.598002011011104,no
408,-94.6178246473891,36.5835711374019,no
409,-94.617814,36.577732,no
410,-94.61783238097809,36.5687078256061,no
411,-94.6178756702379,36.5474548852642,no
412,-94.617897,36.536983,no
413,-94.61786940987609,36.5361334144609,no
414,-94.617868,36.53609,no
415,-94.617997,36.534279999999995,no
416,-94.61799459535129,36.533932359512804,no
417,-94.61788299999999,36.517799,no
418,-94.617877,36.514998999999996,no
419,-94.61789438975879,36.508546157354495,no
420,-94.6178971439618,36.5075241513023,no
421,-94.61790042637669,36.50630614089879,no
422,-94.617919,36.499414,yes
423,-94.617749154426,36.4984747696059,no
424,-94.61531099999999,36.484992,no
425,-94.61383,36.476248,no
426,-94.6126825648546,36.4686432069605,no
427,-94.611609,36.461528,no
428,-94.605408,36.421949,no
429,-94.60401494180859,36.4136126596702,no
430,-94.602623,36.405283,no
431,-94.60248759983709,36.4046127797882,no
432,-94.601984,36.40212,no
433,-94.6008136280165,36.3945972153757,no
434,-94.60051308682739,36.392665430722005,no
435,-94.599723,36.387586999999996,no
436,-94.593397,36.345742,no
437,-94.5931025620403,36.3438693713034,no
438,-94.5916862110182,36.3348613630591,no
439,-94.5913180588466,36.3325199111557,no
440,-94.5862,36.299969,yes
441,-94.5859312554433,36.298356952724596,no
442,-94.58473089720759,36.2911566795471,no
443,-94.5825881113666,36.278303313811904,no
444,-94.5810833322183,36.2692769909873,no
445,-94.577883,36.25008,no
446,-94.577899,36.249548,no
447,-94.576003,36.240069999999996,no
448,-94.575071,36.233682,no
449,-94.57488,36.232741,no
450,-94.574395,36.229996,no
451,-94.571806,36.213747999999995,no
452,-94.5712670678049,36.210973425028094,no
453,-94.571253,36.210901,no
454,-94.56929100676709,36.1994919988363,no
455,-94.5678088060604,36.1908729937836,no
456,-94.5671606595612,36.187104018417095,no
457,-94.566588,36.183774,no
458,-94.5661775595238,36.1814270547262,no
459,-94.56565499999999,36.178439,no
460,-94.56531324544859,36.176439040861595,no
461,-94.56376472295729,36.1673770351184,no
462,-94.5628276914512,36.1618934952038,no
463,-94.562803,36.161749,no
464,-94.561165,36.15211,no
465,-94.5596983340196,36.1439647854169,no
466,-94.5595093429662,36.14291521264101,no
467,-94.5572026058472,36.130104614269,no
468,-94.55218431116519,36.1022352237111,no
469,-94.5498702860592,36.089384151080594,no
470,-94.547871,36.078281,no
471,-94.547715,36.077270999999996,no
472,-94.5432560303183,36.0514401376893,no
473,-94.53730524094338,36.0169671468514,no
474,-94.535724,36.007807,no
475,-94.5352129388301,36.004800999150696,no
476,-94.534852,36.002677999999996,no
477,-94.5336729618048,35.9969353214272,no
478,-94.53364599999999,35.996804,no
479,-94.532071,35.987852,no
480,-94.5320670297716,35.987829019904595,no
481,-94.53206134936102,35.987796141096894,no
482,-94.528327413129,35.9661837295236,no
483,-94.52830499999999,35.966054,no
484,-94.528162,35.965665,no
485,-94.52463999999999,35.945727,no
486,-94.524344,35.94405,no
487,-94.52291,35.936127,no
488,-94.522634,35.934892,no
489,-94.52265799999999,35.934799,no
490,-94.52265799999999,35.93425,yes
491,-94.5222485358663,35.931643338607,no
492,-94.5182645361793,35.9062810728587,no
493,-94.5182304599203,35.9060641423353,no
494,-94.51757099999999,35.901866,no
495,-94.5173775795507,35.9007769883857,no
496,-94.50763099999999,35.845901,no
497,-94.50740640468389,35.8445151486605,no
498,-94.505642,35.833628,no
499,-94.504438,35.826369,no
500,-94.503011,35.817209999999996,no
501,-94.501162,35.80643,no
502,-94.50076399999999,35.80382,no
503,-94.5005730968878,35.8028751098062,no
504,-94.500526,35.802642,no
505,-94.499647,35.79691,no
506,-94.499045,35.793459999999996,no
507,-94.4988745559854,35.792506294467096,no
508,-94.49454899999999,35.768302999999996,no
509,-94.49336199999999,35.761891999999996,no
510,-94.4929318527681,35.7591658417281,no
511,-94.4915828102271,35.75061597040639,no
512,-94.48821,35.72924,no
513,-94.487585,35.726147,no
514,-94.4842978582774,35.706872396262796,no
515,-94.4842848807903,35.706796300997496,no
516,-94.4827903540438,35.6980329396204,no
517,-94.48246874166419,35.696147121576594,no
518,-94.472647,35.638556,no
519,-94.4710981001006,35.6292061051364,no
520,-94.46619812582159,35.5996275349765,no
521,-94.465272,35.594037,no
522,-94.464457,35.588909,no
523,-94.46421215887939,35.5877908922162,no
524,-94.464097,35.587264999999995,no
525,-94.463318,35.58266,no
526,-94.4628917669048,35.579970901597896,no
527,-94.46000233499849,35.5617415176999,no
528,-94.4568369846587,35.5417713684153,no
529,-94.4566165247859,35.5403804902825,no
530,-94.4547176905951,35.528400772972695,no
531,-94.45221059127539,35.512583519806,no
532,-94.4499074597336,35.4980530963855,no
533,-94.44969599999999,35.496719,no
534,-94.4496186404717,35.496295335264094,no
535,-94.4414630670687,35.4516307809347,no
536,-94.44122920146579,35.45035,no
537,-94.4411928749866,35.4501510555575,no
538,-94.4411416849691,35.449870709932895,no
539,-94.43894546638,35.4378429689462,no
540,-94.43559569150729,35.4194976982459,no
541,-94.431076615429,35.394748669693,no
542,-94.430662,35.392478,yes
543,-94.4312716057209,35.3916917471668,no
544,-94.4314575536191,35.39145191663901,no
545,-94.431755175347,35.3910680522514,no
546,-94.43558999999999,35.386122,no
547,-94.43309099999999,35.378296,no
548,-94.433415,35.376291,no
549,-94.431596,35.369538,no
550,-94.433117,35.365922,no
551,-94.43308615856108,35.3658387068937,no
552,-94.432245,35.363566999999996,no
553,-94.43256395634471,35.3538321794576,no
554,-94.4326195353,35.3521358621866,no
555,-94.4328049857477,35.3464757558494,no
556,-94.4330362300113,35.3394179830659,no
557,-94.43339464254859,35.3284789257665,no
558,-94.4336738171819,35.3199582770903,no
559,-94.4337576616049,35.3173992735607,no
560,-94.4338619415009,35.3142165619127,no
561,-94.43386866174039,35.3140114544531,no
562,-94.43411499999999,35.306492999999996,no
563,-94.4344325311647,35.3019786398679,no
564,-94.43512751157759,35.2920980605183,no
565,-94.43517,35.291494,no
566,-94.43527999999999,35.287485,no
567,-94.4353022919226,35.2803070009066,no
568,-94.4353071146149,35.278754093999,no
569,-94.4353155688876,35.276031818191896,no
570,-94.435316,35.275892999999996,no
571,-94.4354763125738,35.275224619884405,no
572,-94.435706,35.274267,no
573,-94.4357930292852,35.2718310010462,no
574,-94.435812,35.271300000000004,no
575,-94.43629990978859,35.2580859323414,no
576,-94.436595,35.250094,no
577,-94.4374728609461,35.2430461072364,no
578,-94.437578,35.242202,no
579,-94.43777399999999,35.239270999999995,no
580,-94.4377443470187,35.2380099918397,no
581,-94.437578,35.230936,no
582,-94.43783503129389,35.2232734706646,no
583,-94.4378491196421,35.2228534736282,no
584,-94.43789618169629,35.221450475709695,no
585,-94.43824699999999,35.210992,no
586,-94.43847,35.208587,no
587,-94.43883239439559,35.2019240190031,no
588,-94.439084,35.197297999999996,no
589,-94.439056,35.193588,no
590,-94.43885999999999,35.187183,no
591,-94.438924995969,35.1856431263173,no
592,-94.439509,35.171807,no
593,-94.43955,35.169036999999996,no
594,-94.4397174421235,35.163442013231496,no
595,-94.440754,35.128806,no
596,-94.441232,35.119724,no
597,-94.4415373209287,35.1112029157843,no
598,-94.4415378068403,35.1111893546656,no
599,-94.44264792926579,35.0802073754151,no
600,-94.4432818799616,35.06251468959,no
601,-94.4444947327617,35.028665647877894,no
602,-94.44546917875711,35.001470209865005,no
603,-94.44559861127719,34.9978579275069,no
604,-94.4463019390597,34.9782290232881,no
605,-94.44760289797328,34.9419210619859,no
606,-94.4478888293082,34.933941114475395,no
607,-94.449253,34.895869,yes
608,-94.449086,34.894152,no
609,-94.449058,34.890556,no
610,-94.4491081586517,34.8892140806867,no
611,-94.4496257423733,34.8753669063999,no
612,-94.44963,34.875253,no
613,-94.450065,34.861335,no
614,-94.45013999999999,34.858694,no
615,-94.450233,34.855413,no
616,-94.45032300233349,34.852792583972,no
617,-94.4507576175204,34.840138772037,no
618,-94.45108190015931,34.8306972898935,no
619,-94.4511886196817,34.8275901532647,no
620,-94.4533004254839,34.766104972194,no
621,-94.4545761452896,34.7289624171492,no
622,-94.4547469280424,34.7239900809275,no
623,-94.45534026539701,34.70671507645059,no
624,-94.45579465995209,34.6934853886321,no
625,-94.45601779419991,34.6869888397486,no
626,-94.4562041443552,34.681563258934496,no
627,-94.45626435349469,34.679810271117496,no
628,-94.4575143045681,34.6434179721652,no
629,-94.45752999999999,34.642961,no
630,-94.45750000000001,34.634945,yes
631,-94.4576042043734,34.6313894749134,no
632,-94.4578847721573,34.62181630863319,no
633,-94.4586993391697,34.5940227204001,no
634,-94.46005199999999,34.547869,no
635,-94.46005799999999,34.545263999999996,no
636,-94.46036332577201,34.534683384543,no
637,-94.46108278073959,34.5097517310505,no
638,-94.46114899999999,34.507456999999995,no
639,-94.46242705445259,34.4629267855441,no
640,-94.46287068759,34.4474696360399,no
641,-94.462887363044,34.446888626725205,no
642,-94.4632950100882,34.4326853114694,no
643,-94.4636649788862,34.419794788782596,no
644,-94.46367099999999,34.419585,no
645,-94.463816,34.414465,no
646,-94.464176,34.402713,no
647,-94.4648941037141,34.37789558861439,no
648,-94.465425,34.359548,no
649,-94.4654374209984,34.3593279834998,no
650,-94.465847,34.352073,no
651,-94.4664317665084,34.330735,no
652,-94.4686667176344,34.249182129846695,no
653,-94.4702923271421,34.189864,no
654,-94.4711322971967,34.1592136792854,no
655,-94.472673441395,34.1029776698148,yes
656,-94.47386599118639,34.0594617928208,no
657,-94.474896,34.021876999999996,no
658,-94.474896,34.021837999999995,no
659,-94.47489594037029,34.0217078283334,no
660,-94.47489499999999,34.019655,no
661,-94.47501934215119,34.0158988057234,no
662,-94.476957,33.957364999999996,no
663,-94.477038,33.953838,no
664,-94.477317962673,33.9409396624094,no
665,-94.4773181199803,33.9409324150055,no
666,-94.477387,33.937759,no
667,-94.478842,33.881485,no
668,-94.478994,33.881197,no
669,-94.4797810947677,33.8567093339304,no
670,-94.47995399999999,33.85133,no
671,-94.48057399999999,33.830166,no
672,-94.48077509258269,33.8231421785369,no
673,-94.481355,33.802887,no
674,-94.48136099999999,33.802648999999995,no
675,-94.4815346322382,33.796037618624396,no
676,-94.481543,33.795719,no
677,-94.48184141666839,33.7890210927706,no
678,-94.481842,33.789007999999995,no
679,-94.48245932597219,33.7649602137344,no
680,-94.482682,33.756285999999996,no
681,-94.482777,33.753637999999995,no
682,-94.48285329113239,33.7510728228643,no
683,-94.482862,33.75078,no
684,-94.48286999999999,33.750564,no
685,-94.4833024406379,33.735992387230695,no
686,-94.48330254673989,33.735988811995,no
687,-94.48357386161929,33.7268465274472,no
688,-94.48365284951589,33.7241849342885,no
689,-94.483874,33.716733,no
690,-94.48384,33.711332,no
691,-94.484616,33.691592,no
692,-94.48451999999999,33.687909,no
693,-94.485528,33.663388,no
694,-94.48557699999999,33.65331,no
695,-94.485875,33.637867,yes
696,-94.491109,33.636233,no
697,-94.48904499999999,33.633252,no
698,-94.48751399999999,33.628938999999995,no
699,-94.491503,33.625115,no
700,-94.497987,33.623163999999996,no
701,-94.504615,33.620681999999995,no
702,-94.51151399999999,33.623104999999995,no
703,-94.514037,33.63073,no
704,-94.51678899999999,33.632106,no
705,-94.519082,33.630271,no
706,-94.517974,33.623276,no
707,-94.520725,33.616566999999996,no
708,-94.52737599999999,33.615832999999995,yes
709,-94.531871,33.618648,no
710,-94.534902,33.622017,no
711,-94.53559,33.624081,no
712,-94.53421399999999,33.627061,no
713,-94.52457299999999,33.632608999999995,no
714,-94.52022799999999,33.636004,no
715,-94.519999,33.638754999999996,no
716,-94.522292,33.640589,no
717,-94.52596,33.641048,no
718,-94.53237999999999,33.64036,no
719,-94.538889,33.637952999999996,no
720,-94.54419899999999,33.634128,no
721,-94.54797099999999,33.631189,no
722,-94.55261,33.627884,no
723,-94.55783,33.626374,no
724,-94.56425,33.626602999999996,no
725,-94.56952299999999,33.627832,no
726,-94.570441,33.630959,no
727,-94.569524,33.634399,no
728,-94.56838599999999,33.637203,no
729,-94.565855,33.638984,no
730,-94.55851799999999,33.641965,no
731,-94.551312,33.64457,no
732,-94.545436,33.646228,no
733,-94.543156,33.650219,no
734,-94.54292699999999,33.653658,no
735,-94.54384399999999,33.657098,yes
736,-94.54636599999999,33.659161,no
737,-94.54843,33.660537,no
738,-94.552098,33.660308,no
739,-94.564669,33.655823999999996,no
740,-94.573988,33.649516999999996,no
741,-94.57732,33.646550999999995,no
742,-94.581963,33.643968,no
743,-94.584886,33.642652999999996,no
744,-94.588096,33.643799,no
745,-94.59083,33.645562999999996,no
746,-94.58993,33.648614,no
747,-94.586715,33.651057,no
748,-94.582593,33.654804999999996,no
749,-94.578323,33.657461999999995,no
750,-94.56253799999999,33.663297,no
751,-94.56035299999999,33.665352,no
752,-94.560811,33.667186,no
753,-94.56216599999999,33.668965,no
754,-94.564938,33.669019999999996,no
755,-94.569065,33.668562,no
756,-94.57388,33.666957,no
757,-94.57674899999999,33.665883,no
758,-94.579612,33.665123,no
759,-94.581447,33.666039999999995,no
760,-94.579612,33.669019999999996,no
761,-94.58007099999999,33.67223,no
762,-94.58030000000001,33.67544,no
763,-94.58030000000001,33.678421,no
764,-94.58299699999999,33.681166999999995,no
765,-94.584886,33.684153,no
766,-94.588325,33.685758,no
767,-94.591585,33.685867,no
768,-94.59313999999999,33.683236,no
769,-94.591994,33.680026,no
770,-94.59044999999999,33.677503,no
771,-94.590389,33.672917999999996,no
772,-94.59143499999999,33.668914,no
773,-94.59405699999999,33.665352,no
774,-94.59796999999999,33.663381,no
775,-94.602999,33.663059,no
776,-94.607683,33.665569,no
777,-94.611712,33.670167,no
778,-94.6128302526765,33.674001108709696,no
779,-94.613317,33.67567,no
780,-94.616817,33.679553999999996,no
781,-94.622379,33.682428,no
782,-94.628191,33.681073,no
783,-94.630586,33.673401,no
784,-94.63340199999999,33.66925,no
785,-94.63730000000001,33.664435,no
786,-94.642344,33.66283,no
787,-94.652571,33.660354999999996,no
788,-94.66045799999999,33.660995,no
789,-94.665892,33.662349,yes
790,-94.670317,33.664893,no
791,-94.671234,33.66925,no
792,-94.668848,33.671878,no
793,-94.662751,33.67544,no
794,-94.657916,33.674186,no
795,-94.65426699999999,33.672001,no
796,-94.65082799999999,33.671313,no
797,-94.647847,33.67246,no
798,-94.645251,33.674363,no
799,-94.64578399999999,33.677732999999996,no
800,-94.648764,33.681630999999996,no
801,-94.64693,33.684841,no
802,-94.64486699999999,33.686446,no
803,-94.642344,33.688508999999996,no
804,-94.63867599999999,33.692865999999995,no
805,-94.637529,33.696076,no
806,-94.639822,33.699743999999995,no
807,-94.644322,33.701665999999996,no
808,-94.64738899999999,33.701119999999996,no
809,-94.648641,33.697987999999995,no
810,-94.647847,33.692865999999995,no
811,-94.648535,33.690343999999996,no
812,-94.651286,33.688508999999996,no
813,-94.654485,33.688261,no
814,-94.661701,33.693135999999996,no
815,-94.66641899999999,33.694929,no
816,-94.671773,33.693307,no
817,-94.677883,33.687822,no
818,-94.684792,33.684353,no
819,-94.705449,33.688038,no
820,-94.713422,33.687363,no
821,-94.714339,33.690573,no
822,-94.712276,33.696534,no
823,-94.70769,33.696764,no
824,-94.702187,33.697452,no
825,-94.701055,33.700053,no
826,-94.701729,33.703413,yes
827,-94.706024,33.706292999999995,no
828,-94.711359,33.708915999999995,no
829,-94.72786699999999,33.715565,no
830,-94.730848,33.715106,no
831,-94.73337,33.713043,no
832,-94.73308999999999,33.710147,no
833,-94.73130599999999,33.707080999999995,no
834,-94.72695,33.705247,no
835,-94.721447,33.704558999999996,no
836,-94.718237,33.702496,no
837,-94.716174,33.69791,no
838,-94.71934999999999,33.689153999999995,no
839,-94.722364,33.688508999999996,no
840,-94.735856,33.691625,no
841,-94.738644,33.696764,no
842,-94.741877,33.701223,no
843,-94.746096,33.7026140645714,no
844,-94.74712699999999,33.702954,no
845,-94.753776,33.705247,no
846,-94.753547,33.708686,no
847,-94.74964899999999,33.710291,no
848,-94.74345799999999,33.71075,no
849,-94.740478,33.712814,no
850,-94.736351,33.716024,no
851,-94.732911,33.720151,no
852,-94.732417,33.723223,no
853,-94.73497499999999,33.726112,no
854,-94.73825099999999,33.727168,no
855,-94.74277099999999,33.726800000000004,no
856,-94.744376,33.72359,no
857,-94.74460499999999,33.72038,no
858,-94.745522,33.717169999999996,no
859,-94.748961,33.715336,no
860,-94.752859,33.714419,no
861,-94.755905,33.715073,no
862,-94.75652799999999,33.717628,no
863,-94.75469299999999,33.721067999999995,no
864,-94.750337,33.72359,no
865,-94.74809499999999,33.725342999999995,no
866,-94.747827,33.729095,no
867,-94.74942,33.73299,no
868,-94.751825,33.734325999999996,no
869,-94.75462642723902,33.73282909368609,no
870,-94.755611,33.732303,no
871,-94.75882,33.729321999999996,no
872,-94.761521,33.727069,no
873,-94.766891,33.726617,no
874,-94.77247899999999,33.726147,no
875,-94.779446,33.727486999999996,no
876,-94.785877,33.731505999999996,no
877,-94.788202,33.736329999999995,no
878,-94.78212599999999,33.739545,no
879,-94.777885,33.744448,no
880,-94.77381899999999,33.746511999999996,no
881,-94.768996,33.745976,no
882,-94.76176099999999,33.746511999999996,no
883,-94.757813,33.750109,no
884,-94.757205,33.754818,no
885,-94.760058,33.758291,no
886,-94.76444,33.760177999999996,no
887,-94.770499,33.760942,no
888,-94.77462299999999,33.758033999999995,no
889,-94.7762406773808,33.7562814742404,no
890,-94.777838,33.754551,no
891,-94.778202,33.749739,no
892,-94.78096599999999,33.744804,no
893,-94.786721,33.740902,no
894,-94.795844,33.737587999999995,no
895,-94.800079,33.733382,no
896,-94.805486,33.733152,no
897,-94.810529,33.734989999999996,no
898,-94.816065,33.739215,no
899,-94.81620799999999,33.741931,no
900,-94.811869,33.74678,no
901,-94.81215499999999,33.750935999999996,no
902,-94.81428199999999,33.7519,no
903,-94.81666299999999,33.755265,no
904,-94.816158,33.763403,no
905,-94.818574,33.767704,no
906,-94.821783,33.768752,no
907,-94.825294,33.768525,no
908,-94.83009,33.763661,no
909,-94.830844,33.758078999999995,no
910,-94.823042,33.747524999999996,no
911,-94.820089,33.734826,no
912,-94.822051,33.733114,no
913,-94.82499899999999,33.733382,no
914,-94.828321,33.734947,no
915,-94.82875,33.738741,no
916,-94.83143,33.740080999999996,no
917,-94.841634,33.739430999999996,no
918,-94.849296,33.739585,no
919,-94.86930000000001,33.745871,no
920,-94.874668,33.749164,no
921,-94.87707999999999,33.75222,yes
922,-94.875497,33.755483,no
923,-94.86948,33.75857,no
924,-94.86673599999999,33.761829999999996,no
925,-94.86669099999999,33.767175,no
926,-94.868676,33.769824,no
927,-94.871355,33.771164,no
928,-94.874303,33.770896,no
929,-94.87492999999999,33.767432,no
930,-94.87457099999999,33.762857,no
931,-94.873944,33.76057,no
932,-94.875429,33.758265,no
933,-94.877758,33.758885,no
934,-94.881395,33.761176999999996,no
935,-94.884485,33.764196999999996,no
936,-94.886934,33.769067,no
937,-94.89602,33.768498,no
938,-94.902974,33.774647,no
939,-94.904172,33.777198,no
940,-94.90753,33.778131,no
941,-94.91142699999999,33.778383,no
942,-94.914496,33.78215,no
943,-94.91752199999999,33.786512,no
944,-94.92178653307009,33.7914056791626,no
945,-94.921955,33.791599,no
946,-94.921667,33.795919,no
947,-94.91863,33.802944,no
948,-94.917029,33.808321,no
949,-94.912621,33.808678,no
950,-94.910209,33.812429,no
951,-94.910882,33.815915,no
952,-94.91208499999999,33.820468,no
953,-94.91476399999999,33.824487,no
954,-94.918599,33.82682,no
955,-94.921999,33.828775,no
956,-94.92607199999999,33.828533,no
957,-94.926822,33.826631,no
958,-94.926287,33.822612,no
959,-94.92441099999999,33.81886,no
960,-94.923099,33.815456,no
961,-94.923071,33.811357,no
962,-94.925215,33.808678,no
963,-94.929211,33.807753999999996,no
964,-94.93999199999999,33.805679,no
965,-94.947874,33.808355999999996,no
966,-94.953518,33.816475,no
967,-94.94383099999999,33.8293,no
968,-94.94948099999999,33.833534,no
969,-94.95767599999999,33.835004,no
970,-94.964401,33.837021,no
971,-94.96588799999999,33.848422,no
972,-94.96847279336349,33.8591617433602,no
973,-94.96889499999999,33.860915999999996,no
974,-94.971435,33.862123,no
975,-94.973411,33.861731,no
976,-94.976208,33.859846999999995,no
977,-94.98165,33.852284,no
978,-94.98330299999999,33.851354,no
979,-94.98848699999999,33.851,no
980,-94.992671,33.852455,yes
981,-94.99552399999999,33.857438,no
982,-94.997485,33.860501,no
983,-95.00022299999999,33.862505,no
984,-95.001993,33.863049,no
985,-95.00473699999999,33.861677,no
986,-95.00787299999999,33.859521,no
987,-95.01235299999999,33.858011999999995,no
988,-95.01728,33.857953,no
989,-95.023944,33.859325,no
990,-95.03144126158,33.85984788071789,no
991,-95.037207,33.86025,no
992,-95.046568,33.862565,yes
993,-95.04942299999999,33.864813,no
994,-95.050821,33.86944,no
995,-95.050572,33.877497,no
996,-95.05824299999999,33.887547999999995,no
997,-95.060105,33.901873,yes
998,-95.06255399999999,33.903031,no
999,-95.065581,33.903559,no
1000,-95.07019799999999,33.902443,no
1001,-95.072413,33.902699,no
1002,-95.072158,33.905578999999996,no
1003,-95.070498,33.908401999999995,no
1004,-95.065923,33.908702999999996,no
1005,-95.0642611440143,33.9100967732213,no
1006,-95.063338,33.910871,no
1007,-95.063248,33.913261999999996,no
1008,-95.06568999999999,33.915966,no
1009,-95.06872899999999,33.917601,no
1010,-95.074052,33.915349,no
1011,-95.074902,33.910478999999995,no
1012,-95.075098,33.908910999999996,no
1013,-95.077058,33.906559,no
1014,-95.078822,33.903031,no
1015,-95.079369,33.894625999999995,no
1016,-95.07983399999999,33.887479,no
1017,-95.080586,33.882256,no
1018,-95.082408,33.879881999999995,no
1019,-95.089607,33.880857,no
1020,-95.09381499999999,33.885196,no
1021,-95.0955800164211,33.8880245743835,no
1022,-95.095833,33.88843,no
1023,-95.098911,33.890879999999996,no
1024,-95.100168,33.896101,no
1025,-95.096755,33.899699,no
1026,-95.091636,33.902104,no
1027,-95.086759,33.903815,no
1028,-95.080488,33.907734999999995,no
1029,-95.07852799999999,33.910283,no
1030,-95.07637199999999,33.915378,no
1031,-95.07795,33.918696,no
1032,-95.082387,33.921758,no
1033,-95.08381899999999,33.921062,no
1034,-95.08597499999999,33.916945999999996,no
1035,-95.089111,33.914203,no
1036,-95.09266799999999,33.912831,no
1037,-95.104789,33.909594999999996,no
1038,-95.11257499999999,33.904603,no
1039,-95.117138,33.903619,no
1040,-95.12203799999999,33.904795,no
1041,-95.126442,33.90708,no
1042,-95.131249,33.912243,no
1043,-95.131642,33.916027,no
1044,-95.12733,33.920277999999996,no
1045,-95.122795,33.924696,no
1046,-95.120862,33.928118,no
1047,-95.121184,33.931307,no
1048,-95.1247,33.934675,no
1049,-95.131056,33.936924999999995,no
1050,-95.135953,33.93537,no
1051,-95.140069,33.934782,no
1052,-95.147909,33.935566,no
1053,-95.154978,33.936654,no
1054,-95.15588647044089,33.9368927541364,no
1055,-95.15829599999999,33.937526,no
1056,-95.163392,33.940857,no
1057,-95.16752699999999,33.944738,no
1058,-95.171154,33.946506,no
1059,-95.17479399999999,33.947457,no
1060,-95.17968599999999,33.948688,no
1061,-95.182232,33.948941,no
1062,-95.184968,33.949529,no
1063,-95.189758,33.951361,no
1064,-95.197029,33.953105,no
1065,-95.19935,33.953973,no
1066,-95.202615,33.956907,no
1067,-95.206882,33.959088,no
1068,-95.211908,33.961241,no
1069,-95.214137,33.962142,yes
1070,-95.21763299999999,33.962646,no
1071,-95.22048799999999,33.961997,no
1072,-95.22400999999999,33.962161,no
1073,-95.22577606178669,33.9620075905204,no
1074,-95.226393,33.961954,no
1075,-95.22757399999999,33.960798,no
1076,-95.22952099999999,33.960451,no
1077,-95.230637,33.959799,no
1078,-95.23037699999999,33.955768,no
1079,-95.23164399999999,33.953294,no
1080,-95.232879,33.949736,no
1081,-95.23570699999999,33.948259,no
1082,-95.23974799999999,33.947542999999996,no
1083,-95.245847,33.943747,no
1084,-95.250171,33.938497,yes
1085,-95.248273,33.92019,no
1086,-95.249743,33.902755,no
1087,-95.25269399999999,33.894234,no
1088,-95.260595,33.88765,no
1089,-95.26401899999999,33.889756999999996,no
1090,-95.265891,33.895378,no
1091,-95.265227,33.905566,no
1092,-95.266126,33.909773,no
1093,-95.270674,33.91151,no
1094,-95.278577,33.910191,no
1095,-95.28298099999999,33.907402,no
1096,-95.285591,33.903357,no
1097,-95.28429799999999,33.899238,no
1098,-95.280351,33.896751,no
1099,-95.27794,33.887508,no
1100,-95.278318,33.881676999999996,no
1101,-95.278767,33.877905999999996,yes
1102,-95.28092199999999,33.875403,no
1103,-95.28930199999999,33.873103,no
1104,-95.30579,33.874804999999995,no
1105,-95.31040561939109,33.877368530190395,no
1106,-95.310898,33.877642,no
1107,-95.31442799999999,33.881631999999996,no
1108,-95.322222,33.884752999999996,no
1109,-95.326436,33.88607,no
1110,-95.32986,33.885543,no
1111,-95.33193800819049,33.879828724036294,no
1112,-95.33196699999999,33.879749,no
1113,-95.33485399999999,33.876830999999996,no
1114,-95.343423,33.872541999999996,no
1115,-95.35654099999999,33.869382,no
1116,-95.362517,33.866581,no
1117,-95.3656395923795,33.866696488932,no
1118,-95.36962799999999,33.866844,no
1119,-95.375233,33.868243,no
1120,-95.38463899999999,33.868425,no
1121,-95.392804,33.867108,no
1122,-95.40205499999999,33.864188,no
1123,-95.427313,33.870446,no
1124,-95.440928,33.866429,yes
1125,-95.453458,33.870346,no
1126,-95.458564,33.871677999999996,no
1127,-95.462339,33.871677999999996,no
1128,-95.46421099999999,33.873371999999996,no
1129,-95.46411499999999,33.876118999999996,no
1130,-95.46122899999999,33.882557,no
1131,-95.459452,33.884112,no
1132,-95.459452,33.886331999999996,no
1133,-95.46167299999999,33.886998,no
1134,-95.463785,33.887232,no
1135,-95.46611299999999,33.886554,no
1136,-95.467609,33.884634999999996,no
1137,-95.469265,33.882511,no
1138,-95.472552,33.880337,no
1139,-95.47810199999999,33.878561,no
1140,-95.484541,33.875897,no
1141,-95.49202799999999,33.874822,no
1142,-95.497418,33.874342999999996,no
1143,-95.502304,33.874742,no
1144,-95.5025825052733,33.874950063266695,no
1145,-95.5026354334394,33.8749896043748,no
1146,-95.50563299999999,33.877229,no
1147,-95.50452299999999,33.883668,no
1148,-95.504944,33.889143,no
1149,-95.505189,33.894991,no
1150,-95.507556,33.897216,no
1151,-95.510739,33.897877,no
1152,-95.512732,33.896392,no
1153,-95.514955,33.894735,no
1154,-95.52013799999999,33.889329,no
1155,-95.5213340987801,33.8884425394457,no
1156,-95.525322,33.885487,no
1157,-95.533283,33.881161999999996,yes
1158,-95.53979,33.879903999999996,no
1159,-95.545197,33.880294,no
1160,-95.54832499999999,33.882743999999995,no
1161,-95.550259,33.888329999999996,no
1162,-95.55092499999999,33.892992,no
1163,-95.54848299999999,33.896767,no
1164,-95.54803899999999,33.901207,no
1165,-95.54848299999999,33.908533999999996,no
1166,-95.55048099999999,33.915195,no
1167,-95.55248,33.919857,no
1168,-95.55248,33.922965,no
1169,-95.553146,33.925408,no
1170,-95.55447799999999,33.928072,yes
1171,-95.55736399999999,33.930513999999995,no
1172,-95.56100699999999,33.931551999999996,no
1173,-95.563803,33.932956,no
1174,-95.56935299999999,33.933178,no
1175,-95.57376599999999,33.933524999999996,no
1176,-95.578012,33.933178,no
1177,-95.58089799999999,33.933844,no
1178,-95.584369,33.936310999999996,no
1179,-95.586449,33.939395,no
1180,-95.589557,33.941615,no
1181,-95.59382699999999,33.943031,no
1182,-95.596662,33.942059,yes
1183,-95.59704777832378,33.941239376450696,no
1184,-95.598524,33.938103,no
1185,-95.59866,33.934066,no
1186,-95.600695,33.931267999999996,no
1187,-95.60376699999999,33.929182,no
1188,-95.608207,33.928737999999996,no
1189,-95.611981,33.928737999999996,no
1190,-95.616422,33.927406,no
1191,-95.619286,33.922743,no
1192,-95.622394,33.918303,no
1193,-95.625058,33.913196,no
1194,-95.625947,33.910309999999996,no
1195,-95.626835,33.907868,yes
1196,-95.629055,33.90587,no
1197,-95.63216299999999,33.904982,no
1198,-95.635938,33.905204,no
1199,-95.64015599999999,33.904982,no
1200,-95.645262,33.906535999999996,no
1201,-95.649703,33.907424,no
1202,-95.651701,33.9092,no
1203,-95.656364,33.910088,no
1204,-95.66013799999999,33.910088,yes
1205,-95.665466,33.908978,no
1206,-95.669978,33.905844,no
1207,-95.676925,33.897237,no
1208,-95.684831,33.890232,no
1209,-95.69788199999999,33.886109999999995,no
1210,-95.710537,33.885000000000005,no
1211,-95.714089,33.885888,no
1212,-95.718308,33.889662,no
1213,-95.728449,33.893704,no
1214,-95.72907570330929,33.8940061009969,no
1215,-95.73296099999999,33.895879,no
1216,-95.73769,33.896544999999996,no
1217,-95.745905,33.896322999999995,no
1218,-95.756367,33.892624999999995,no
1219,-95.761916,33.883402,no
1220,-95.762559,33.874367,no
1221,-95.7614490359398,33.873184617670404,no
1222,-95.756796,33.868228,no
1223,-95.75321,33.863656,no
1224,-95.751644,33.8611,yes
1225,-95.75129,33.858881,no
1226,-95.751746,33.855557,no
1227,-95.75372999999999,33.853179,no
1228,-95.757465,33.850038999999995,no
1229,-95.76358599999999,33.846824,no
1230,-95.770556,33.845269,no
1231,-95.775902,33.847311,no
1232,-95.779884,33.851331,no
1233,-95.782395,33.85105,no
1234,-95.787891,33.856336,no
1235,-95.789867,33.857686,no
1236,-95.80084199999999,33.861212,yes
1237,-95.805149,33.861304,no
1238,-95.817618,33.859023,no
1239,-95.821666,33.856632999999995,no
1240,-95.821666,33.855443,no
1241,-95.82067699999999,33.850750999999995,no
1242,-95.819525,33.848439,no
1243,-95.81897599999999,33.844456,no
1244,-95.819358,33.842785,no
1245,-95.82078399999999,33.840564,no
1246,-95.82278699999999,33.838756,no
1247,-95.828245,33.836054,no
1248,-95.831948,33.835161,no
1249,-95.837516,33.83564,no
1250,-95.840012,33.836486,no
1251,-95.845243,33.83907,yes
1252,-95.8463781777365,33.8400397456755,no
1253,-95.849367,33.842593,no
1254,-95.855521,33.849258,no
1255,-95.858808,33.850668,no
1256,-95.860912,33.84992,no
1257,-95.866907,33.851473999999996,no
1258,-95.87490000000001,33.855914999999996,no
1259,-95.881292,33.860627,no
1260,-95.88354199999999,33.862715,no
1261,-95.88668799999999,33.864813999999996,no
1262,-95.894556,33.86741,no
1263,-95.905828,33.874052999999996,no
1264,-95.918583,33.880838,no
1265,-95.92271199999999,33.883758,no
1266,-95.925787,33.885000000000005,yes
1267,-95.92956099999999,33.885000000000005,no
1268,-95.9319804940729,33.883510758237804,no
1269,-95.932448,33.883223,no
1270,-95.93355799999999,33.879449,no
1271,-95.93532499999999,33.875099,no
1272,-95.93663099999999,33.870615,no
1273,-95.941267,33.861619,yes
1274,-95.944284,33.859811,no
1275,-95.952652,33.858357,no
1276,-95.972156,33.856370999999996,no
1277,-95.9836905301936,33.852836363029894,no
1278,-95.984253,33.852664,no
1279,-95.985511,33.855692999999995,no
1280,-95.98395699999999,33.858579,no
1281,-95.983735,33.861686999999996,no
1282,-95.98425399999999,33.864402999999996,no
1283,-95.98919099999999,33.86859,no
1284,-95.998617,33.87223,no
1285,-96.00118599999999,33.872344,no
1286,-96.003406,33.872344,no
1287,-96.00444,33.869741999999995,no
1288,-96.002962,33.866794,no
1289,-96.001336,33.863496,no
1290,-95.998077,33.861686999999996,no
1291,-95.994525,33.861464999999995,no
1292,-95.99519099999999,33.858135,no
1293,-95.995857,33.855692999999995,no
1294,-95.997709,33.852182,no
1295,-95.998351,33.851048999999996,no
1296,-96.00162999999999,33.8477,no
1297,-96.005296,33.845504999999996,no
1298,-96.019599,33.840565999999995,no
1299,-96.02139,33.841038999999995,no
1300,-96.023241,33.842479,no
1301,-96.021783,33.846927,no
1302,-96.019542,33.853497,no
1303,-96.02116799999999,33.855471,no
1304,-96.023907,33.857067,no
1305,-96.02694,33.856803,no
1306,-96.029438,33.856348,no
1307,-96.03115799999999,33.852584,no
1308,-96.03137199999999,33.847249,no
1309,-96.03719099999999,33.841245,no
1310,-96.048834,33.836467999999996,yes
1311,-96.055358,33.838262,no
1312,-96.0592032603593,33.8397258564128,no
1313,-96.063924,33.841522999999995,no
1314,-96.084626,33.846655999999996,no
1315,-96.0951210947664,33.847548174647194,no
1316,-96.100095,33.847971,yes
1317,-96.1001850746561,33.8478885078258,no
1318,-96.101473,33.846709,no
1319,-96.101349,33.845721,no
1320,-96.100785,33.844229999999996,no
1321,-96.099153,33.842408999999996,no
1322,-96.09763799999999,33.837935,no
1323,-96.097448,33.832724999999996,no
1324,-96.09935999999999,33.83047,no
1325,-96.104075,33.830729999999996,no
1326,-96.10999299999999,33.832395999999996,no
1327,-96.118169,33.837883999999995,no
1328,-96.122951,33.839964,no
1329,-96.138905,33.839158999999995,no
1330,-96.14806999999999,33.837799,yes
1331,-96.15014699999999,33.835856,no
1332,-96.15163,33.831945999999995,no
1333,-96.148792,33.819196999999996,no
1334,-96.15076499999999,33.816987,no
1335,-96.156656,33.818222999999996,no
1336,-96.164808,33.817797,no
1337,-96.17589,33.814627,no
1338,-96.178964,33.810553,no
1339,-96.17734,33.805116999999996,no
1340,-96.17515,33.801950999999995,no
1341,-96.170373,33.799382,no
1342,-96.168829,33.802605,no
1343,-96.169748,33.804902,no
1344,-96.168829,33.807657999999996,no
1345,-96.166991,33.811102999999996,no
1346,-96.16193899999999,33.81317,no
1347,-96.15635499999999,33.813348999999995,no
1348,-96.159182,33.810184,no
1349,-96.161114,33.805766999999996,no
1350,-96.161249,33.795715,no
1351,-96.162757,33.788768999999995,no
1352,-96.16945199999999,33.770131,no
1353,-96.174633,33.763698999999995,no
1354,-96.17805899999999,33.760518,yes
1355,-96.186554,33.756375,no
1356,-96.1891117606217,33.7555589543888,no
1357,-96.19637490953369,33.7532416692046,no
1358,-96.1963803242589,33.7532399416533,no
1359,-96.1999,33.752117,no
1360,-96.22052099999999,33.747389999999996,no
1361,-96.229023,33.748021,yes
1362,-96.248232,33.758986,no
1363,-96.25556499999999,33.762079,no
1364,-96.257511,33.763948,no
1365,-96.263593,33.767466999999996,no
1366,-96.267876,33.76777,no
1367,-96.26989599999999,33.768405,no
1368,-96.277847,33.770477,no
1369,-96.288254,33.771221,no
1370,-96.293708,33.769408999999996,no
1371,-96.29652999999999,33.765789,yes
1372,-96.301706,33.753755999999996,no
1373,-96.30300899999999,33.750878,no
1374,-96.3061,33.741002,no
1375,-96.307389,33.735005,no
1376,-96.306596,33.726786,no
1377,-96.30699391406209,33.7206233172927,no
1378,-96.307035,33.719986999999996,no
1379,-96.3083403378994,33.71575412210019,no
1380,-96.309964,33.710488999999995,yes
1381,-96.316925,33.698997,no
1382,-96.31876,33.696753,no
1383,-96.321103,33.695100000000004,no
1384,-96.331874,33.693449,no
1385,-96.334932,33.69208,no
1386,-96.33801299999999,33.688728,yes
1387,-96.342665,33.686975,no
1388,-96.348306,33.686378999999995,no
1389,-96.35594599999999,33.687155,no
1390,-96.36219799999999,33.691818,no
1391,-96.363135,33.694215,no
1392,-96.363253,33.701049999999995,no
1393,-96.366945,33.711222,no
1394,-96.36959,33.716809,no
1395,-96.37940399227689,33.7258163072446,no
1396,-96.38411599999999,33.730140999999996,no
1397,-96.40350699999999,33.746289,no
1398,-96.408469,33.751191999999996,no
1399,-96.4118730854082,33.7556871295874,no
1400,-96.41340799999999,33.757714,no
1401,-96.416146,33.766099,no
1402,-96.41756199999999,33.769038,no
1403,-96.419205722102,33.771775938107396,no
1404,-96.419961,33.773033999999996,no
1405,-96.422643,33.776041,yes
1406,-96.43021399999999,33.778653999999996,no
1407,-96.436714,33.779329,no
1408,-96.441206,33.780327,no
1409,-96.448045,33.781031,no
1410,-96.4486706614633,33.7809185586092,no
1411,-96.45051,33.780588,no
1412,-96.456254,33.776035,no
1413,-96.4571133726479,33.7757970426771,no
1414,-96.459154,33.775231999999995,no
1415,-96.467872,33.775794999999995,no
1416,-96.473092,33.775445,no
1417,-96.48606,33.77301,no
1418,-96.50026799999999,33.772583,yes
1419,-96.502286,33.77346,no
1420,-96.51191399999999,33.781478,no
1421,-96.515912,33.787794999999996,no
1422,-96.5159147240698,33.7884406045398,no
1423,-96.51594839381319,33.7964203337206,no
1424,-96.515959,33.798933999999996,no
1425,-96.516584,33.803168,no
1426,-96.519911,33.811347,no
1427,-96.52386299999999,33.818114,no
1428,-96.52665499999999,33.820890999999996,yes
1429,-96.529234,33.822127,no
1430,-96.53209211368339,33.8228181109374,no
1431,-96.53222567884289,33.822850407883195,no
1432,-96.532865,33.823005,no
1433,-96.53323160604701,33.8229275969584,no
1434,-96.5465604888912,33.8201134151355,no
1435,-96.551223,33.819129,no
1436,-96.56629799999999,33.818511,no
1437,-96.572937,33.819098,yes
1438,-96.58706699999999,33.828009,no
1439,-96.59292599999999,33.830916,no
1440,-96.601258,33.834327,no
1441,-96.623155,33.841483,yes
1442,-96.62929,33.845487999999996,no
1443,-96.630022,33.847541,no
1444,-96.629747,33.850865999999996,no
1445,-96.628969,33.852407,no
1446,-96.625399,33.856542,no
1447,-96.6146783636591,33.8665002409499,no
1448,-96.61197,33.869016,no
1449,-96.601686,33.872823,no
1450,-96.597348,33.875101,yes
1451,-96.59011199999999,33.880665,no
1452,-96.58749399999999,33.884251,no
1453,-96.58734344351149,33.884582379487604,no
1454,-96.58536,33.888948,no
1455,-96.58545199999999,33.891281,no
1456,-96.58793399999999,33.894784,no
1457,-96.5885189157485,33.8948810582175,no
1458,-96.59294799999999,33.895616,no
1459,-96.607562,33.894735,no
1460,-96.6262173962632,33.894502842357895,no
1461,-96.628294,33.894477,no
1462,-96.630117,33.895421999999996,no
1463,-96.64405,33.905961999999995,no
1464,-96.64595122160901,33.9072462784364,no
1465,-96.65989599999999,33.916666,no
1466,-96.66440999999999,33.917266999999995,no
1467,-96.667187,33.91694,no
1468,-96.67061799999999,33.914913999999996,no
1469,-96.67344899999999,33.912278,yes
1470,-96.67530599999999,33.909113999999995,no
1471,-96.6782986558143,33.9022650039775,no
1472,-96.68094699999999,33.896204,no
1473,-96.683464,33.884217,no
1474,-96.682103,33.876644999999996,no
1475,-96.682209,33.873875999999996,no
1476,-96.684727,33.862905,no
1477,-96.68819099999999,33.854613,no
1478,-96.690708,33.849959,yes
1479,-96.6919140053451,33.848474957780894,no
1480,-96.6931029507083,33.8470119086141,no
1481,-96.699574,33.839048999999996,no
1482,-96.7022011641094,33.836881845170396,no
1483,-96.70445699999999,33.835021,no
1484,-96.708134,33.833059999999996,no
1485,-96.71242199999999,33.831633,no
1486,-96.746038,33.825699,no
1487,-96.754041,33.824658,no
1488,-96.76158799999999,33.824405999999996,yes
1489,-96.766235,33.825458,no
1490,-96.76793596615849,33.826550666456896,no
1491,-96.76937799999999,33.827477,no
1492,-96.770676,33.829620999999996,no
1493,-96.7716159294573,33.8315278683817,no
1494,-96.776766,33.841975999999995,no
1495,-96.777202,33.848161999999995,no
1496,-96.77958799999999,33.857939,no
1497,-96.780569,33.860098,no
1498,-96.783485,33.863534,no
1499,-96.7868593685454,33.8652075817306,no
1500,-96.794276,33.868885999999996,yes
1501,-96.7983890294503,33.8697218550823,no
1502,-96.812778,33.872645999999996,no
1503,-96.832157,33.874835,no
1504,-96.83389174855489,33.8736844418831,no
1505,-96.837413,33.871348999999995,no
1506,-96.839778,33.868396,no
1507,-96.840819,33.863645,no
1508,-96.84159199999999,33.852894,no
1509,-96.845896,33.848974999999996,no
1510,-96.85059299999999,33.847211,no
1511,-96.85609,33.84749,no
1512,-96.866438,33.853149,yes
1513,-96.875281,33.860504999999996,no
1514,-96.88301,33.868019,no
1515,-96.8926863575097,33.8896230392742,no
1516,-96.89572799999999,33.896414,no
1517,-96.897194,33.902954,no
1518,-96.896469,33.913318,no
1519,-96.899442,33.933727999999995,no
1520,-96.902434,33.942018,no
1521,-96.905253,33.947219,no
1522,-96.907387,33.950025,no
1523,-96.9100841561795,33.9527125942178,no
1524,-96.91133599999999,33.953959999999995,no
1525,-96.9163,33.957798,no
1526,-96.918618,33.958926,no
1527,-96.922114,33.959579,yes
1528,-96.924268,33.959159,no
1529,-96.93225199999999,33.955687999999995,no
1530,-96.93479067141789,33.954358787058396,no
1531,-96.944611,33.949217,no
1532,-96.95231299999999,33.944582,no
1533,-96.97254199999999,33.935795,no
1534,-96.973807,33.935697,no
1535,-96.97695499999999,33.937453,no
1536,-96.979818,33.941587999999996,no
1537,-96.981031,33.94916,no
1538,-96.980676,33.951814,no
1539,-96.97934699999999,33.95513,no
1540,-96.97941499999999,33.956178,no
1541,-96.981337,33.956378,no
1542,-96.987892,33.954671,no
1543,-96.99083499999999,33.952701,no
1544,-96.994288,33.949206,no
1545,-96.995368,33.947302,no
1546,-96.996183,33.941728,no
1547,-96.99502299999999,33.932035,yes
1548,-96.993997,33.928979,no
1549,-96.988745,33.918468,no
1550,-96.984939,33.904866,no
1551,-96.983971,33.892083,no
1552,-96.9848845876339,33.88889975386439,no
1553,-96.98556699999999,33.886522,yes
1554,-97.01785699999999,33.850142,no
1555,-97.023899,33.844212999999996,no
1556,-97.0288087538704,33.8422604546577,no
1557,-97.03885799999999,33.838263999999995,no
1558,-97.04124499999999,33.837761,no
1559,-97.046126,33.83956,no
1560,-97.050952,33.846568,no
1561,-97.055838,33.855741,no
1562,-97.059826,33.858404,no
1563,-97.06807099999999,33.860465,no
1564,-97.075621,33.858661,no
1565,-97.0867195241222,33.8536845157192,no
1566,-97.08724699999999,33.853448,no
1567,-97.08946399999999,33.849847,no
1568,-97.090479,33.844840999999995,no
1569,-97.08773099999999,33.841955999999996,no
1570,-97.08345,33.840455999999996,no
1571,-97.069486,33.839411999999996,no
1572,-97.058343,33.836763999999995,no
1573,-97.053024,33.833884,no
1574,-97.04931599999999,33.829794,no
1575,-97.048146,33.817456,yes
1576,-97.0526945876577,33.8167555980067,no
1577,-97.054926,33.816412,no
1578,-97.062632,33.816079,no
1579,-97.067977,33.814476,no
1580,-97.07858999999999,33.812756,no
1581,-97.087999,33.808747,no
1582,-97.092112,33.804097,no
1583,-97.094771,33.798532,yes
1584,-97.095236,33.794136,no
1585,-97.09391699999999,33.789052,no
1586,-97.087852,33.774099,no
1587,-97.085218,33.765512,no
1588,-97.08461299999999,33.759993,no
1589,-97.084693,33.753147,no
1590,-97.0859635968142,33.7453525399161,no
1591,-97.08619499999999,33.743933,no
1592,-97.091072,33.735115,no
1593,-97.09408499999999,33.730992,no
1594,-97.09715399999999,33.727809,yes
1595,-97.10044942936659,33.7254837350243,no
1596,-97.104525,33.722608,no
1597,-97.108936,33.720293999999996,no
1598,-97.113265,33.718804,no
1599,-97.121102,33.717174,no
1600,-97.12610199999999,33.716941,no
1601,-97.13753,33.718664,no
1602,-97.149394,33.721967,no
1603,-97.15506599999999,33.724441999999996,no
1604,-97.1628103273886,33.7291175310722,no
1605,-97.16314899999999,33.729321999999996,no
1606,-97.172192,33.737545,yes
1607,-97.181843,33.75587,no
1608,-97.18532499999999,33.755503,no
1609,-97.19281699999999,33.761168999999995,no
1610,-97.18772399999999,33.769830999999996,no
1611,-97.190809,33.781772,no
1612,-97.200492,33.793198,no
1613,-97.205705,33.802907999999995,yes
1614,-97.204939,33.815228999999995,no
1615,-97.203514,33.821825,no
1616,-97.1997,33.827321999999995,no
1617,-97.19368999999999,33.831306999999995,no
1618,-97.18625399999999,33.830894,no
1619,-97.18137,33.831375,no
1620,-97.171627,33.835335,no
1621,-97.16682399999999,33.840395,no
1622,-97.166629,33.847311,yes
1623,-97.17254786426409,33.867803129519594,no
1624,-97.179609,33.89225,yes
1625,-97.18084499999999,33.895204,no
1626,-97.185458,33.9007,no
1627,-97.1898531541979,33.9035857609635,no
1628,-97.194586705823,33.9066937061875,no
1629,-97.2009529731077,33.910873656374896,no
1630,-97.206141,33.91428,no
1631,-97.210921,33.916064,yes
1632,-97.22456321806229,33.914820539062596,no
1633,-97.22652199999999,33.914642,no
1634,-97.242092,33.906276999999996,no
1635,-97.24398302328201,33.904166660422895,no
1636,-97.244946,33.903092,no
1637,-97.24618,33.900344,yes
1638,-97.249209,33.875101,no
1639,-97.254235,33.865323,no
1640,-97.256625,33.863285999999995,no
1641,-97.265087,33.862413,no
1642,-97.270314,33.858221,yes
1643,-97.275607,33.858168,no
1644,-97.275348,33.863225,no
1645,-97.279108,33.864554999999996,no
1646,-97.285983,33.868525999999996,no
1647,-97.29422699999999,33.876412,no
1648,-97.305565,33.886435,yes
1649,-97.310143,33.888532,no
1650,-97.309846,33.883002999999995,no
1651,-97.309946,33.874449,no
1652,-97.314413,33.866989,no
1653,-97.315035584309,33.866685347914,no
1654,-97.318243,33.865120999999995,no
1655,-97.32394699999999,33.858986,no
1656,-97.328729,33.855433999999995,no
1657,-97.3298198749724,33.855766988334494,no
1658,-97.334616,33.857231,no
1659,-97.333382,33.864148,no
1660,-97.32345,33.87846,no
1661,-97.325812,33.883888,no
1662,-97.33245699999999,33.884253,no
1663,-97.335915,33.879168,no
1664,-97.339202,33.862063,no
1665,-97.348338,33.843876,no
1666,-97.358513,33.830017999999995,no
1667,-97.365507,33.823763,no
1668,-97.372941,33.819454,yes
1669,-97.4033285787733,33.8189597940642,no
1670,-97.410387,33.818844999999996,no
1671,-97.426493,33.819398,yes
1672,-97.444193,33.823772999999996,no
1673,-97.453057,33.828536,no
1674,-97.459068,33.834581,no
1675,-97.462857,33.841772,yes
1676,-97.461486,33.84956,no
1677,-97.457617,33.855126,no
1678,-97.45146899999999,33.87093,no
1679,-97.450954,33.891397999999995,no
1680,-97.4535958957286,33.8951991365528,no
1681,-97.458069,33.901635,no
1682,-97.460376,33.903948,yes
1683,-97.48403724377,33.9157618691195,no
1684,-97.486505,33.916993999999995,no
1685,-97.494858,33.919258,no
1686,-97.50095999999999,33.919643,yes
1687,-97.50992791223159,33.916685868983,no
1688,-97.5174446404745,33.9142072597304,no
1689,-97.519171,33.913638,no
1690,-97.525277,33.911750999999995,no
1691,-97.53272299999999,33.906577,no
1692,-97.543246,33.901289,no
1693,-97.551541,33.897946999999995,yes
1694,-97.555002,33.897282,no
1695,-97.55827,33.897099,no
1696,-97.559917,33.897603,no
1697,-97.56054999999999,33.899343,no
1698,-97.5608977260312,33.899588800974705,no
1699,-97.562788,33.900925,no
1700,-97.56695599999999,33.901582999999995,no
1701,-97.568715,33.901379,no
1702,-97.5723828248796,33.899323352634795,no
1703,-97.572503,33.899256,no
1704,-97.578082,33.899215999999996,no
1705,-97.581068119482,33.899677473070795,no
1706,-97.58107799999999,33.899679,no
1707,-97.582777,33.900418,no
1708,-97.5858025554111,33.901754978924195,no
1709,-97.5859323221287,33.9018123222357,no
1710,-97.587441,33.902479,no
1711,-97.589254,33.903922,no
1712,-97.58917199999999,33.904883999999996,no
1713,-97.58966699999999,33.906601,no
1714,-97.590931,33.909602,no
1715,-97.592035,33.910137,no
1716,-97.593676,33.910112,no
1717,-97.596289,33.913768999999995,no
1718,-97.597115,33.917868,no
1719,-97.59697899999999,33.920228,yes
1720,-97.596155,33.922106,no
1721,-97.595084,33.922954,no
1722,-97.59151399999999,33.928200000000004,no
1723,-97.591213,33.931245,no
1724,-97.593302,33.933924,no
1725,-97.59541899999999,33.938917,no
1726,-97.59541999999999,33.941435999999996,no
1727,-97.59404599999999,33.944598,no
1728,-97.59173899999999,33.946614,no
1729,-97.591409,33.948057,no
1730,-97.58882799999999,33.951882,yes
1731,-97.59042199999999,33.954104,no
1732,-97.59620000000001,33.954521,no
1733,-97.59946599999999,33.956323,no
1734,-97.60089599999999,33.958888,no
1735,-97.600968,33.960656,no
1736,-97.604333,33.962758,no
1737,-97.604389,33.963811,no
1738,-97.606038,33.965002,no
1739,-97.60909099999999,33.968092999999996,no
1740,-97.61555299999999,33.969556,no
1741,-97.62300499999999,33.973949999999995,no
1742,-97.624573,33.97585,no
1743,-97.6306726029511,33.979432895508594,no
1744,-97.63377799999999,33.981257,no
1745,-97.65621,33.989488,no
1746,-97.66148899999999,33.990818,no
1747,-97.67177199999999,33.991369999999996,yes
1748,-97.6729707079592,33.9910186710966,no
1749,-97.688023,33.986607,no
1750,-97.69310999999999,33.983699,no
1751,-97.697921,33.977331,no
1752,-97.70415899999999,33.963336,no
1753,-97.709684,33.954997,no
1754,-97.71677199999999,33.947666,no
1755,-97.72095872126829,33.94441129981009,no
1756,-97.72528899999999,33.941044999999995,no
1757,-97.7260679705227,33.9405589527578,no
1758,-97.732267,33.936690999999996,yes
1759,-97.733723,33.936392,no
1760,-97.736554,33.936575,no
1761,-97.738478,33.937421,no
1762,-97.752957,33.937049,no
1763,-97.762768,33.934396,no
1764,-97.762661,33.930845999999995,no
1765,-97.759834,33.92521,no
1766,-97.759399,33.91882,no
1767,-97.760224,33.917193999999995,no
1768,-97.76377,33.914241,no
1769,-97.772672,33.914381999999996,no
1770,-97.775525,33.918113,no
1771,-97.779702,33.919720999999996,no
1772,-97.782179,33.919087,no
1773,-97.785101,33.916815,no
1774,-97.786075,33.914867,no
1775,-97.786075,33.913244,no
1776,-97.78034,33.904832999999996,no
1777,-97.77968299999999,33.899243,no
1778,-97.780069,33.89539,no
1779,-97.782341,33.892306,no
1780,-97.784702,33.890636,no
1781,-97.788022,33.891819999999996,no
1782,-97.789808,33.894740999999996,no
1783,-97.790781,33.898312,no
1784,-97.793691,33.899657999999995,no
1785,-97.797761,33.899286,no
1786,-97.801135,33.896589999999996,no
1787,-97.80198,33.894254,no
1788,-97.801656,33.890034,no
1789,-97.801439,33.886306,no
1790,-97.80263,33.879971,no
1791,-97.80542299999999,33.877167,no
1792,-97.80749899999999,33.876401,no
1793,-97.809771,33.877699,no
1794,-97.812508,33.881153,no
1795,-97.813991,33.881757,no
1796,-97.81642599999999,33.882081,no
1797,-97.81923599999999,33.879090999999995,no
1798,-97.819205,33.872192999999996,no
1799,-97.819023,33.869907999999995,no
1800,-97.82210599999999,33.867961,no
1801,-97.82617599999999,33.864536,no
1802,-97.830871,33.861793,no
1803,-97.834333,33.857670999999996,no
1804,-97.8388,33.856933,no
1805,-97.84158099999999,33.856272,no
1806,-97.843256,33.856837999999996,no
1807,-97.849502,33.854316,no
1808,-97.8537011537649,33.852948013101695,no
1809,-97.86092699999999,33.850594,no
1810,-97.865765,33.849393,yes
1811,-97.87144699999999,33.849001,no
1812,-97.877387,33.850235999999995,no
1813,-97.88320399999999,33.854362,no
1814,-97.88937999999999,33.856426,no
1815,-97.896738,33.857985,no
1816,-97.905467,33.863531,no
1817,-97.93674299999999,33.879204,no
1818,-97.938802,33.879891,no
1819,-97.94273,33.879844999999996,no
1820,-97.94646399999999,33.878883,no
1821,-97.95121499999999,33.878423999999995,no
1822,-97.958438,33.879179,no
1823,-97.967777,33.88243,yes
1824,-97.974178,33.886643,no
1825,-97.97780788974269,33.8898833742718,no
1826,-97.977859,33.889928999999995,no
1827,-97.9796999964476,33.8921939551897,no
1828,-97.983769,33.897200000000005,no
1829,-97.98443067031849,33.898758287563204,no
1830,-97.984566,33.899077,no
1831,-97.98454,33.900703,no
1832,-97.98355199999999,33.904002,no
1833,-97.979985,33.911401999999995,no
1834,-97.978804,33.912548,no
1835,-97.976963,33.912549,no
1836,-97.973143,33.908014,no
1837,-97.96987299999999,33.905999,no
1838,-97.964461,33.907398,no
1839,-97.96061499999999,33.910354,no
1840,-97.957155,33.914454,no
1841,-97.953695,33.924372999999996,no
1842,-97.95267899999999,33.929482,no
1843,-97.953395,33.936445,no
1844,-97.954467,33.937774,no
1845,-97.955511,33.938186,no
1846,-97.963425,33.936237,no
1847,-97.965953,33.936191,no
1848,-97.971175,33.937129,no
1849,-97.972494,33.937906999999996,no
1850,-97.97406199999999,33.940289,no
1851,-97.974173,33.942831999999996,no
1852,-97.9733359764944,33.9437709509212,no
1853,-97.972662,33.944527,no
1854,-97.96573699999999,33.947392,no
1855,-97.96035099999999,33.951927999999995,no
1856,-97.95691699999999,33.958501999999996,no
1857,-97.94595,33.988396,yes
1858,-97.94573,33.989838999999996,no
1859,-97.946473,33.990732,no
1860,-97.947572,33.991053,no
1861,-97.952688,33.990114,no
1862,-97.95585,33.990136,no
1863,-97.958325,33.990846,no
1864,-97.963028,33.994234999999996,no
1865,-97.96834,34.00053,no
1866,-97.97166999999999,34.005434,no
1867,-97.974173,34.006716,no
1868,-97.97824299999999,34.005387,no
1869,-97.982806,34.001948999999996,no
1870,-97.987388,33.999823,no
1871,-97.9997043883387,33.9972228061929,no
1872,-98.005667,33.995964,no
1873,-98.01948499999999,33.993804,no
1874,-98.027672,33.993356999999996,no
1875,-98.041117,33.993456,no
1876,-98.05519699999999,33.995841,no
1877,-98.08283899999999,34.002412,yes
1878,-98.08525999999999,34.003259,no
1879,-98.088203,34.005480999999996,no
1880,-98.08267599999999,34.010796,no
1881,-98.08955499999999,34.01927,no
1882,-98.09844199999999,34.023918,no
1883,-98.10626099999999,34.034154,no
1884,-98.103538,34.03853,no
1885,-98.098001,34.03824,no
1886,-98.092366,34.033929,no
1887,-98.08381,34.036656,no
1888,-98.0838358501256,34.0411690753691,no
1889,-98.083839,34.041719,yes
1890,-98.09909599999999,34.048639,no
1891,-98.114587,34.06228,no
1892,-98.11802999999999,34.067065,no
1893,-98.12020799999999,34.072127,no
1894,-98.120903175153,34.0797722535778,no
1895,-98.121039,34.081266,no
1896,-98.119417,34.084474,yes
1897,-98.11209229703701,34.0911286778441,no
1898,-98.104309,34.0982,no
1899,-98.099328,34.104295,no
1900,-98.095118,34.11119,no
1901,-98.092421,34.116917,no
1902,-98.09066,34.12198,yes
1903,-98.089755,34.128211,no
1904,-98.09201499999999,34.131944,no
1905,-98.0935999280227,34.1318365694197,no
1906,-98.09765726619129,34.1315615523919,no
1907,-98.100498,34.131369,no
1908,-98.103172,34.135194,no
1909,-98.10055799999999,34.142134999999996,no
1910,-98.10193699999999,34.14683,no
1911,-98.109462,34.154111,yes
1912,-98.11450599999999,34.154727,no
1913,-98.12337699999999,34.15454,no
1914,-98.130816,34.150532,no
1915,-98.13677,34.144991999999995,no
1916,-98.1389788043646,34.141805401056196,no
1917,-98.142754,34.136359,no
1918,-98.154354,34.122734,no
1919,-98.157412,34.120467,no
1920,-98.16911999999999,34.114171,yes
1921,-98.19145499999999,34.115753,no
1922,-98.200075,34.116783,no
1923,-98.203711,34.117675999999996,no
1924,-98.21646299999999,34.121821,no
1925,-98.2236,34.125093,no
1926,-98.231042,34.134023,yes
1927,-98.241013,34.133103,no
1928,-98.247954,34.130717,no
1929,-98.256467,34.129481,no
1930,-98.257955,34.129825,no
1931,-98.2617,34.131568,no
1932,-98.266217,34.132051,no
1933,-98.267291,34.131959,no
1934,-98.2676640848058,34.1318531679204,no
1935,-98.268338,34.131662,no
1936,-98.26897199999999,34.131616,no
1937,-98.27156099999999,34.132282,no
1938,-98.272994,34.132213,no
1939,-98.276878,34.131046,no
1940,-98.280321,34.13075,no
1941,-98.29390099999999,34.13302,no
1942,-98.300209,34.134578999999995,yes
1943,-98.31875,34.146421,no
1944,-98.32258,34.149719999999995,no
1945,-98.325445,34.151025,no
1946,-98.3481544432287,34.1546064260097,no
1947,-98.36402299999999,34.157109,yes
1948,-98.36562099999999,34.156993,no
1949,-98.367494,34.156191,no
1950,-98.37049499999999,34.152135,no
1951,-98.374461,34.150757999999996,no
1952,-98.37691099999999,34.150552,no
1953,-98.38165099999999,34.149201999999995,no
1954,-98.384546,34.145997,no
1955,-98.38485,34.143844,no
1956,-98.387084,34.140912,no
1957,-98.38623199999999,34.137727999999996,no
1958,-98.384965,34.136651,no
1959,-98.38105499999999,34.134771,no
1960,-98.379927,34.132273999999995,no
1961,-98.379762,34.131174,no
1962,-98.380865,34.130534,no
1963,-98.382959,34.129549,no
1964,-98.38527099999999,34.13175,no
1965,-98.38868599999999,34.133217,no
1966,-98.39502399999999,34.131318,no
1967,-98.400967,34.122236,no
1968,-98.400494,34.121778,no
1969,-98.39815999999999,34.121396,no
1970,-98.398389,34.104566,yes
1971,-98.399777,34.099973,no
1972,-98.40051,34.099042,no
1973,-98.402158,34.098653,no
1974,-98.406735,34.10114,no
1975,-98.409318,34.101293,no
1976,-98.411374,34.100324,no
1977,-98.41151099999999,34.098614999999995,no
1978,-98.409596,34.094069999999995,no
1979,-98.411587,34.088057,no
1980,-98.416089,34.084143,no
1981,-98.41720664652689,34.0836697016676,no
1982,-98.420408,34.082314,no
1983,-98.42353299999999,34.082843,no
1984,-98.42523,34.084799,no
1985,-98.42913999999999,34.085564,no
1986,-98.43365299999999,34.085347999999996,no
1987,-98.442808,34.083144,no
1988,-98.445094,34.080061,no
1989,-98.446379,34.07543,no
1990,-98.449034,34.073462,no
1991,-98.46408,34.073775,no
1992,-98.475066,34.064268999999996,no
1993,-98.48204,34.06227,no
1994,-98.486328,34.062598,yes
1995,-98.504182,34.072371,no
1996,-98.5282,34.094961,no
1997,-98.530611,34.099843,no
1998,-98.53625699999999,34.107343,no
1999,-98.550917,34.119333999999995,no
2000,-98.55386999999999,34.119541999999996,no
2001,-98.55682,34.121079,no
2002,-98.558027,34.122856,no
2003,-98.559557,34.123418,no
2004,-98.560574,34.123567,no
2005,-98.560977,34.124631,no
2006,-98.560136,34.126926,no
2007,-98.558593,34.128254,no
2008,-98.556252,34.127727,no
2009,-98.554324,34.126605,no
2010,-98.551845,34.127131,no
2011,-98.551046,34.127818,no
2012,-98.550219,34.130131999999996,no
2013,-98.550522,34.132194,no
2014,-98.551982,34.13295,no
2015,-98.552836,34.133568,no
2016,-98.56019099999999,34.133202,no
2017,-98.56721499999999,34.138104999999996,no
2018,-98.572451,34.145091,no
2019,-98.577136,34.148962,no
2020,-98.58554,34.152328,no
2021,-98.599789,34.160571,yes
2022,-98.603978,34.160249,no
2023,-98.608853,34.157520999999996,no
2024,-98.6101579900004,34.157098719969596,no
2025,-98.611829,34.156558,no
2026,-98.616733,34.156417999999995,no
2027,-98.61861615799928,34.1567146174266,no
2028,-98.62166599999999,34.157195,no
2029,-98.63573,34.161618,no
2030,-98.64322299999999,34.164531,no
2031,-98.648073,34.164441,yes
2032,-98.650583,34.163112999999996,no
2033,-98.655655,34.158258,no
2034,-98.677379,34.142537,no
2035,-98.678693,34.142134999999996,no
2036,-98.68412,34.13879,no
2037,-98.685627,34.136568,no
2038,-98.690595,34.132971999999995,yes
2039,-98.693405,34.13375,no
2040,-98.696518,34.133521,no
2041,-98.700182,34.135995,no
2042,-98.703047,34.135903,no
2043,-98.706132,34.134986,no
2044,-98.70996,34.131549,no
2045,-98.71246699999999,34.13116,no
2046,-98.71412,34.132144,no
2047,-98.71423,34.133404,no
2048,-98.714947,34.134847,no
2049,-98.716104,34.135947,no
2050,-98.717537,34.136449999999996,no
2051,-98.71921999999999,34.136379999999996,no
2052,-98.72271699999999,34.135281,no
2053,-98.723626,34.135189,no
2054,-98.725003,34.135463,no
2055,-98.72850199999999,34.135279,no
2056,-98.73043,34.135917,no
2057,-98.734287,34.135757999999996,no
2058,-98.73547099999999,34.135208,no
2059,-98.73682,34.133373999999996,no
2060,-98.73723199999999,34.130992,no
2061,-98.73946099999999,34.127393999999995,no
2062,-98.74196599999999,34.12553,no
2063,-98.749291,34.124238,no
2064,-98.7507600071388,34.1243129106403,no
2065,-98.7537096045264,34.1244633225907,no
2066,-98.757037,34.124632999999996,no
2067,-98.759653,34.126912,no
2068,-98.759486,34.128882,no
2069,-98.76055799999999,34.132388,no
2070,-98.761797,34.133784999999996,no
2071,-98.76557,34.136376,yes
2072,-98.77942499999999,34.140232,no
2073,-98.788405,34.146668,no
2074,-98.79201499999999,34.143736,no
2075,-98.79620299999999,34.142775,no
2076,-98.799756,34.147883,no
2077,-98.804413,34.153931,no
2078,-98.80681,34.155901,no
2079,-98.81295399999999,34.158443999999996,no
2080,-98.815269,34.158100999999995,no
2081,-98.831115,34.162154,no
2082,-98.832135,34.161787,no
2083,-98.83334599999999,34.159107,no
2084,-98.83668,34.156495,no
2085,-98.840676,34.157295999999995,no
2086,-98.842191,34.158051,no
2087,-98.843542,34.158142999999995,no
2088,-98.84472699999999,34.159082,no
2089,-98.84699197658729,34.1597264813591,no
2090,-98.847774,34.159949,no
2091,-98.84966,34.159698999999996,no
2092,-98.851671,34.160294,no
2093,-98.85418399999999,34.161652,no
2094,-98.85558499999999,34.161621,no
2095,-98.857322,34.161094,no
2096,-98.8579,34.159627,no
2097,-98.858419,34.152732,no
2098,-98.860125,34.149913,no
2099,-98.86255,34.149111,no
2100,-98.868116,34.149634999999996,no
2101,-98.873271,34.153596,no
2102,-98.874872,34.155657,no
2103,-98.874955,34.157030999999996,no
2104,-98.87222899999999,34.160446,no
2105,-98.871211,34.163012,no
2106,-98.871543,34.165026999999995,no
2107,-98.87292199999999,34.166584,no
2108,-98.874849,34.167522,no
2109,-98.876291,34.167593,no
2110,-98.881326,34.16735,no
2111,-98.886037,34.167916,no
2112,-98.888958,34.169405999999995,no
2113,-98.892146,34.172345,no
2114,-98.90934899999999,34.177499,no
2115,-98.91833299999999,34.181830999999995,no
2116,-98.920704,34.183434999999996,yes
2117,-98.92312899999999,34.185978,no
2118,-98.9234311062024,34.186339452232396,no
2119,-98.92745599999999,34.191155,no
2120,-98.928145,34.192689,no
2121,-98.94022,34.203686,no
2122,-98.950396,34.21168,yes
2123,-98.9523575349127,34.2125787665873,no
2124,-98.952513,34.21265,no
2125,-98.95847499999999,34.213854999999995,no
2126,-98.960791,34.213029999999996,no
2127,-98.962307,34.211312,no
2128,-98.962085,34.206386,no
2129,-98.96247,34.204668,no
2130,-98.966302,34.201322999999995,no
2131,-98.969003,34.201299,no
2132,-98.974132,34.203565999999995,no
2133,-98.976587,34.206291,no
2134,-98.978685,34.210231,no
2135,-98.981364,34.217583,no
2136,-98.98729399999999,34.221223,no
2137,-98.99085199999999,34.221633,no
2138,-99.000761,34.217642999999995,yes
2139,-99.003433,34.214466,no
2140,-99.002916,34.208782,no
2141,-99.00578999999999,34.206647,no
2142,-99.013075,34.203222,no
2143,-99.0279353408577,34.2055857666077,no
2144,-99.036273,34.206911999999996,no
2145,-99.037459,34.206454,no
2146,-99.03900399999999,34.204667,no
2147,-99.040962,34.200842,no
2148,-99.043471,34.198208,yes
2149,-99.04879199999999,34.198209,no
2150,-99.058084,34.200569,no
2151,-99.0588,34.201256,no
2152,-99.059159,34.202929,no
2153,-99.060344,34.204761,no
2154,-99.066465,34.208404,no
2155,-99.07597799999999,34.211221,no
2156,-99.07953499999999,34.211518,no
2157,-99.084609,34.209434,no
2158,-99.088923,34.208475,no
2159,-99.092191,34.209316,no
2160,-99.092851,34.210741999999996,no
2161,-99.095271,34.211842,no
2162,-99.097876,34.211019,no
2163,-99.10024899999999,34.208867,no
2164,-99.10218599999999,34.205483,no
2165,-99.106301,34.204698,no
2166,-99.1093,34.205453,no
2167,-99.112844,34.205818,no
2168,-99.116965,34.203728999999996,no
2169,-99.119204,34.201747,no
2170,-99.1199699913805,34.201877768866694,no
2171,-99.126567,34.203004,no
2172,-99.129792,34.204403,no
2173,-99.131168,34.205742,no
2174,-99.131885,34.207381999999996,no
2175,-99.131553,34.209351999999996,no
2176,-99.13009,34.212192,no
2177,-99.12752499999999,34.213771,no
2178,-99.12661399999999,34.215329,no
2179,-99.12679899999999,34.217115,no
2180,-99.127549,34.217985999999996,no
2181,-99.128514,34.218765999999995,no
2182,-99.13060899999999,34.219408,no
2183,-99.133397,34.219665,no
2184,-99.13821999999999,34.219159,no
2185,-99.13918,34.217605,no
2186,-99.141504,34.216654999999996,no
2187,-99.142471,34.215408,no
2188,-99.143985,34.214763,no
2189,-99.144481,34.213329,no
2190,-99.147848,34.209444,no
2191,-99.15133999999999,34.207603,no
2192,-99.15682299999999,34.207214,no
2193,-99.159016,34.20888,no
2194,-99.189511,34.214312,yes
2195,-99.192104,34.216694,no
2196,-99.192683,34.218824999999995,no
2197,-99.192076,34.222192,no
2198,-99.19003599999999,34.227185999999996,no
2199,-99.190146,34.229659999999996,no
2200,-99.19113899999999,34.23234,no
2201,-99.19555299999999,34.24006,no
2202,-99.197153,34.244298,no
2203,-99.191805,34.256444,no
2204,-99.1971286731115,34.261825091994105,no
2205,-99.198017,34.262723,no
2206,-99.194459,34.271881,no
2207,-99.19626,34.281462999999995,no
2208,-99.200222,34.281152,no
2209,-99.20776599999999,34.283823,no
2210,-99.211449,34.29275,no
2211,-99.21025,34.300942,no
2212,-99.21172845210769,34.3054011875413,no
2213,-99.213476,34.310672,no
2214,-99.20658399999999,34.31696,no
2215,-99.20582399999999,34.320082,no
2216,-99.209724,34.324934999999996,no
2217,-99.210779,34.330982999999996,no
2218,-99.21071599999999,34.336304,no
2219,-99.210078,34.337705,yes
2220,-99.20690499999999,34.338277,no
2221,-99.213135,34.340368999999995,no
2222,-99.21733499999999,34.341519999999996,no
2223,-99.221975,34.340019999999996,no
2224,-99.22924499999999,34.336515999999996,no
2225,-99.234256,34.340865,no
2226,-99.228636,34.348563999999996,no
2227,-99.234252,34.353459,no
2228,-99.234741,34.354977,no
2229,-99.234843,34.356441,no
2230,-99.235422,34.357094,no
2231,-99.236521,34.358568999999996,no
2232,-99.23723299999999,34.362716999999996,no
2233,-99.236441,34.363597999999996,no
2234,-99.236177,34.365172,no
2235,-99.237562,34.366701,no
2236,-99.24147599999999,34.364536,no
2237,-99.243217,34.364032,no
2238,-99.24445399999999,34.363701,no
2239,-99.24700899999999,34.364779999999996,no
2240,-99.247372,34.365984999999995,no
2241,-99.24812,34.367433,no
2242,-99.247942,34.368487,no
2243,-99.246231,34.369896,no
2244,-99.243543,34.370711,no
2245,-99.24302399999999,34.371142,no
2246,-99.24285499999999,34.372676,no
2247,-99.24669899999999,34.374687,no
2248,-99.24758399999999,34.375551,no
2249,-99.248969,34.375983999999995,no
2250,-99.25071,34.375448999999996,no
2251,-99.25463099999999,34.372419,no
2252,-99.256498,34.372229,no
2253,-99.258606,34.37265,no
2254,-99.259334,34.373621,no
2255,-99.259141,34.376812,no
2256,-99.260441,34.378077999999995,no
2257,-99.264958,34.378755999999996,no
2258,-99.271281,34.381603999999996,no
2259,-99.272922,34.383547,no
2260,-99.274858,34.384921999999996,no
2261,-99.27534,34.386599,no
2262,-99.273894,34.387577,no
2263,-99.271655,34.38769,no
2264,-99.26450799999999,34.388085,no
2265,-99.26112599999999,34.389561,no
2266,-99.25898,34.391242999999996,no
2267,-99.25880699999999,34.392078,no
2268,-99.261822,34.395036,no
2269,-99.261825,34.398677,no
2270,-99.260987,34.401751,no
2271,-99.261321,34.403499,no
2272,-99.264167,34.405149,no
2273,-99.266308,34.405481,no
2274,-99.26774499999999,34.404955,no
2275,-99.269566,34.40191,no
2276,-99.27525999999999,34.400104,no
2277,-99.27882799999999,34.400265,no
2278,-99.28151,34.401457,no
2279,-99.28317,34.402946,no
2280,-99.282814,34.405465,no
2281,-99.282843,34.40748,no
2282,-99.283773,34.409558,no
2283,-99.28643699999999,34.413025,no
2284,-99.28791,34.41403,no
2285,-99.28992199999999,34.414730999999996,no
2286,-99.294648,34.415372999999995,yes
2287,-99.299098,34.414228,no
2288,-99.308274,34.410014,no
2289,-99.31499635280139,34.408512489169304,no
2290,-99.316373,34.408204999999995,no
2291,-99.319606,34.408868999999996,no
2292,-99.32422199999999,34.414457999999996,no
2293,-99.32867399999999,34.422382999999996,no
2294,-99.334037,34.427535999999996,no
2295,-99.341337,34.431061,no
2296,-99.35040699999999,34.437083,no
2297,-99.356713,34.442144,no
2298,-99.356771,34.446542,no
2299,-99.3557925991894,34.4490194656065,no
2300,-99.354672,34.451857,no
2301,-99.358795,34.455863,no
2302,-99.36961,34.458698999999996,no
2303,-99.375365,34.458845,no
2304,-99.381011,34.456936,yes
2305,-99.394956,34.442099,no
2306,-99.39560499999999,34.440377999999995,no
2307,-99.396115,34.43497,no
2308,-99.39462499999999,34.432700000000004,no
2309,-99.39304899999999,34.431920999999996,no
2310,-99.393802,34.42901,no
2311,-99.393306,34.427613,no
2312,-99.396824,34.424703,no
2313,-99.397379,34.423259,no
2314,-99.396665,34.421203,no
2315,-99.39713499999999,34.419409,no
2316,-99.39648799999999,34.417291,no
2317,-99.393919,34.415274,no
2318,-99.387653,34.411984,no
2319,-99.391492,34.405631,no
2320,-99.395921,34.395725999999996,no
2321,-99.396839,34.379417,yes
2322,-99.40296,34.373481,no
2323,-99.407168,34.372605,no
2324,-99.413045,34.377012,no
2325,-99.42071399999999,34.380386,no
2326,-99.421908,34.384201,no
2327,-99.42367899999999,34.385663,no
2328,-99.424897,34.385822999999995,no
2329,-99.427497,34.385135999999996,no
2330,-99.429154,34.382849,no
2331,-99.43001,34.381019,no
2332,-99.430284,34.378800999999996,no
2333,-99.429324,34.375834,no
2334,-99.43060899999999,34.374426,no
2335,-99.43112099999999,34.373989,no
2336,-99.43090099999999,34.371995999999996,no
2337,-99.431043,34.371117,no
2338,-99.433458,34.370222999999996,no
2339,-99.434968,34.370699,no
2340,-99.43647399999999,34.370539,no
2341,-99.43757199999999,34.371258999999995,no
2342,-99.43826899999999,34.371164,no
2343,-99.440671,34.372774,no
2344,-99.441057,34.374041999999996,no
2345,-99.441937,34.374412,no
2346,-99.442394,34.375453,no
2347,-99.443669,34.376456999999995,no
2348,-99.445336,34.379768,no
2349,-99.452648,34.388252,no
2350,-99.454229,34.388754999999996,no
2351,-99.454726,34.388411,no
2352,-99.455472,34.386097,no
2353,-99.45499699999999,34.38178,no
2354,-99.455085,34.381264,no
2355,-99.456328,34.380392,no
2356,-99.459395,34.380117,no
2357,-99.46105299999999,34.380666,no
2358,-99.461827,34.382414,no
2359,-99.462048,34.384401,no
2360,-99.461854,34.387240999999996,no
2361,-99.462462,34.391137,no
2362,-99.464036,34.393634,no
2363,-99.466383,34.395900000000005,no
2364,-99.46842699999999,34.396634,no
2365,-99.470306,34.396747999999995,no
2366,-99.470969,34.396471,no
2367,-99.472268,34.395602,no
2368,-99.473789,34.39535,no
2369,-99.47508069164329,34.39599835152801,no
2370,-99.47585099999999,34.396384999999995,no
2371,-99.477547,34.396355,no
2372,-99.487219,34.397954999999996,no
2373,-99.490426,34.399694,no
2374,-99.494104,34.404755,no
2375,-99.496399,34.406495,no
2376,-99.497091,34.407731,no
2377,-99.49987499999999,34.409608,yes
2378,-99.502836,34.409327,no
2379,-99.506903,34.40952,no
2380,-99.507621,34.409887,no
2381,-99.50910999999999,34.411266999999995,no
2382,-99.511102,34.412704999999995,no
2383,-99.51428,34.414035,no
2384,-99.517624,34.414494,no
2385,-99.52364999999999,34.412206,no
2386,-99.529786,34.411452,no
2387,-99.54924199999999,34.412715,no
2388,-99.55598599999999,34.41464,no
2389,-99.562204,34.417319,no
2390,-99.569696,34.418417999999996,no
2391,-99.574367,34.418281,no
2392,-99.58005999999999,34.416653,yes
2393,-99.58448,34.407672999999996,no
2394,-99.58530599999999,34.398122,no
2395,-99.584531,34.391205,no
2396,-99.585442,34.388914,no
2397,-99.58675159465601,34.387061476826,no
2398,-99.58759599999999,34.385867,no
2399,-99.589671,34.384786999999996,no
2400,-99.59298299999999,34.382407,no
2401,-99.59618599999999,34.379016,no
2402,-99.596323,34.377137,no
2403,-99.600026,34.374688,yes
2404,-99.604782,34.376326,no
2405,-99.60726299999999,34.376928,no
2406,-99.610136,34.37656,no
2407,-99.611572,34.375643,no
2408,-99.616793,34.375391,no
2409,-99.61955599999999,34.374627,no
2410,-99.621513,34.3737,no
2411,-99.624197,34.373577,no
2412,-99.630905,34.376007,no
2413,-99.631181,34.377061,no
2414,-99.63184299999999,34.377703,no
2415,-99.633859,34.378757,no
2416,-99.635324,34.379169999999995,no
2417,-99.63966099999999,34.379905,no
2418,-99.641763,34.38109,no
2419,-99.642755,34.381555,no
2420,-99.643694,34.381463,no
2421,-99.644578,34.38167,no
2422,-99.64651099999999,34.382540999999996,no
2423,-99.64814199999999,34.382312,no
2424,-99.648584,34.3819,no
2425,-99.64966199999999,34.379885,no
2426,-99.65419399999999,34.376519,no
2427,-99.659362,34.37439,no
2428,-99.662705,34.37368,no
2429,-99.66599199999999,34.374185,no
2430,-99.67137699999999,34.377714,no
2431,-99.67484999999999,34.378955999999995,no
2432,-99.678283,34.379799,no
2433,-99.682482,34.379822,no
2434,-99.684361,34.379501,no
2435,-99.68723399999999,34.378585,no
2436,-99.690604,34.378219,no
2437,-99.69497,34.378333,yes
2438,-99.695566,34.378899,no
2439,-99.696462,34.381036,no
2440,-99.69842399999999,34.383074,no
2441,-99.70118699999999,34.385203,no
2442,-99.70273399999999,34.385501,no
2443,-99.704005,34.385982,no
2444,-99.705249,34.385774999999995,no
2445,-99.70665799999999,34.385981,no
2446,-99.70790099999999,34.387539,no
2447,-99.712682,34.390927999999995,no
2448,-99.714838,34.394524,no
2449,-99.714232,34.397822,no
2450,-99.71508899999999,34.400754,no
2451,-99.716416,34.402815,no
2452,-99.720259,34.406295,no
2453,-99.73034799999999,34.41124,no
2454,-99.74090699999999,34.414763,no
2455,-99.75424799999999,34.421289,yes
2456,-99.767234,34.430502,no
2457,-99.767648,34.431854,no
2458,-99.764882,34.435266,no
2459,-99.764826,34.436434,no
2460,-99.765599,34.437488,no
2461,-99.77305299999999,34.441587,no
2462,-99.77399199999999,34.443062,no
2463,-99.77574299999999,34.444224999999996,no
2464,-99.782986,34.444364,no
2465,-99.78376,34.445005,no
2466,-99.785445,34.450044999999996,no
2467,-99.78660599999999,34.451510999999996,no
2468,-99.787767,34.451809,no
2469,-99.78878999999999,34.451488999999995,no
2470,-99.79158299999999,34.45252,no
2471,-99.793684,34.453894,no
2472,-99.814313,34.476203999999996,no
2473,-99.81453509808829,34.4766441817511,no
2474,-99.818739,34.484975999999996,no
2475,-99.818186,34.48784,no
2476,-99.81671999999999,34.489717999999996,no
2477,-99.81937599999999,34.49494,no
2478,-99.82228099999999,34.4981,no
2479,-99.82532499999999,34.497596,no
2480,-99.832904,34.500068,no
2481,-99.8446582036581,34.5067869364725,no
2482,-99.853066,34.511593,no
2483,-99.86895299999999,34.527615,no
2484,-99.872357,34.532095999999996,no
2485,-99.87325399999999,34.535351,no
2486,-99.8736170107957,34.535901992887496,no
2487,-99.874403,34.537095,no
2488,-99.887147,34.549047,yes
2489,-99.89376,34.554218999999996,no
2490,-99.896007,34.55553,no
2491,-99.89894299999999,34.555804,no
2492,-99.91577099999999,34.565975,no
2493,-99.921801,34.570253,no
2494,-99.923211,34.574552,no
2495,-99.929334,34.576713999999996,no
2496,-99.94572,34.579273,yes
2497,-99.954567,34.578195,no
2498,-99.9565216650247,34.5766758161599,no
2499,-99.956717,34.576524,no
2500,-99.95755299999999,34.574169,no
2501,-99.95754099999999,34.572708999999996,no
2502,-99.95889799999999,34.571270999999996,no
2503,-99.96560799999999,34.565844,no
2504,-99.971555,34.562179,no
2505,-99.974762,34.561318,no
2506,-99.985833,34.560079,no
2507,-99.9975014109467,34.5604238870434,no
2508,-100.000381,34.560508999999996,yes
2509,-100.000381,34.570426199215696,no
2510,-100.000381,34.616296999999996,no
2511,-100.000381,34.746358,no
2512,-100.000381,34.746461,no
2513,-100.00038197973402,34.8533110000002,no
2514,-100.00038360336801,35.0303849961589,yes
2515,-100.00038460233002,35.1393320000036,no
2516,-100.000385,35.182702,no
2517,-100.00038688259801,35.3000720000019,no
2518,-100.000386884969,35.3002198225636,no
2519,-100.000388844143,35.4223639883094,no
2520,-100.00038894277101,35.4285129531919,yes
2521,-100.00039093079901,35.5524559997078,no
2522,-100.000392,35.619115,no
2523,-100.000392093753,35.624961999982496,no
2524,-100.00039403697501,35.7461530002767,no
2525,-100.00039619832901,35.8809479999968,no
2526,-100.000398790976,36.04264100366709,yes
2527,-100.000399,36.055676999999996,no
2528,-100.000400703064,36.1637059999889,no
2529,-100.00040131307,36.2023999999951,no
2530,-100.000402224683,36.260225587313,no
2531,-100.000402433432,36.2734669993205,no
2532,-100.00040475768,36.420898999988,no
2533,-100.000406,36.499702,yes
2534,-100.003761886524,36.4996994535481,no
2535,-100.02572486704901,36.4996827880047,no
2536,-100.090021,36.499634,no
2537,-100.181221,36.499632999999996,no
2538,-100.25333313741201,36.499638014674694,no
2539,-100.258247025541,36.4996383563863,no
2540,-100.310643,36.499642,no
2541,-100.310911387708,36.4996749222256,no
2542,-100.311018,36.499688,no
2543,-100.311245,36.499631,no
2544,-100.32415,36.499679,no
2545,-100.334441,36.49944,no
2546,-100.334464,36.49942,no
2547,-100.351842,36.499473,no
2548,-100.351852,36.499486999999995,no
2549,-100.378592,36.499445,no
2550,-100.378634,36.499517,no
2551,-100.41355,36.499469,no
2552,-100.413634,36.499444,no
2553,-100.421301,36.499488,no
2554,-100.421328,36.499446999999996,no
2555,-100.42447399982801,36.4994492416276,no
2556,-100.433959,36.499455999999995,no
2557,-100.441064,36.499462,no
2558,-100.441065,36.49949,no
2559,-100.450508913803,36.4994668445966,no
2560,-100.48656803464601,36.4993784317304,no
2561,-100.489069748186,36.4993722978131,no
2562,-100.52212299818501,36.4992912550006,no
2563,-100.522227,36.499291,yes
2564,-100.530314,36.499356999999996,no
2565,-100.530478,36.49924,no
2566,-100.531215,36.499289999999995,no
2567,-100.531215,36.499341,no
2568,-100.546145,36.499342999999996,no
2569,-100.578114,36.499438999999995,no
2570,-100.578114,36.499463,no
2571,-100.583379,36.499443,no
2572,-100.583539,36.499483,no
2573,-100.592551,36.499429,no
2574,-100.592556,36.499469,no
2575,-100.592614,36.499469,no
2576,-100.61216100074199,36.499466895531896,no
2577,-100.648344,36.499463,no
2578,-100.648343,36.499494999999996,no
2579,-100.657763,36.499500000000005,no
2580,-100.657763,36.499483,no
2581,-100.708628,36.499521,no
2582,-100.708626,36.499553,no
2583,-100.724361,36.499558,no
2584,-100.724362,36.49958,no
2585,-100.761811,36.49958,no
2586,-100.761811,36.499618,no
2587,-100.802886,36.499621,no
2588,-100.802909,36.499621,no
2589,-100.806126905829,36.4996338203419,no
2590,-100.806172,36.499634,no
2591,-100.80619,36.499674,no
2592,-100.824218,36.499618,no
2593,-100.824236,36.499618,no
2594,-100.85084,36.499700000000004,no
2595,-100.859657,36.499687,no
2596,-100.88408,36.499682,no
2597,-100.884174,36.499682,no
2598,-100.918513,36.499621,no
2599,-100.936058,36.499601999999996,no
2600,-100.954152945903,36.4995989128779,no
2601,-100.977088,36.499595,no
2602,-101.045331,36.499539999999996,no
2603,-101.052418,36.499562999999995,no
2604,-101.085156,36.499244,yes
2605,-101.204790103731,36.4993070636063,no
2606,-101.366842098845,36.4993924872681,no
2607,-101.583013007148,36.499506439031194,no
2608,-101.623915,36.499528,no
2609,-101.649966,36.499573,no
2610,-101.653708,36.499573,no
2611,-101.672774979829,36.4995454447231,no
2612,-101.69063399947301,36.4995196351698,no
2613,-101.698685,36.499508,no
2614,-101.709314,36.499722,no
2615,-101.743820012167,36.499727905109005,no
2616,-101.773235947556,36.4997329391391,no
2617,-101.77813400157801,36.499733777356596,no
2618,-101.779435,36.499734,no
2619,-101.78061,36.499727,no
2620,-101.781987,36.499718,no
2621,-101.783359,36.499708999999996,no
2622,-101.787183,36.4996840486213,no
2623,-101.78811,36.499677999999996,no
2624,-101.814493093514,36.4995797197465,no
2625,-101.826498,36.499535,no
2626,-101.826565,36.499654,yes
2627,-101.91483343575,36.500396381134,no
2628,-101.930245,36.500526,no
2629,-101.931643994932,36.5005271523306,no
2630,-102.03233903405601,36.5006100932816,no
2631,-102.122066,36.500684,no
2632,-102.12545,36.500324,no
2633,-102.1438,36.5003249915435,no
2634,-102.162463,36.500326,no
2635,-102.24499,36.500704,no
2636,-102.250453,36.500369,no
2637,-102.382613575418,36.50037392099679,no
2638,-102.57069600093399,36.5003809242428,yes
2639,-102.79220217953501,36.5003891720217,no
2640,-103.002434,36.500397,yes
2641,-103.002565,36.526588,yes
